prmid	cls	templates_alignfile	target_chainseq	targetid
PRM_0272	2	examples/sh3/alignments/PRM_0272_2_templates.tsv	RQCKVLFEYIPQNEDELELKVGDIIDINEEVEEGWWSGTLNNKLGLFPSNFVKEL/DGERVSSL	PRM__PRM_0272_2_b0_r0
PRM_0272	2	examples/sh3/alignments/PRM_0272_2_templates.tsv	RQCKVLFEYIPQNEDELELKVGDIIDINEEVEEGWWSGTLNNKLGLFPSNFVKEL/IMMWFLLR	PRM__PRM_0272_2_b0_r1
PRM_0272	2	examples/sh3/alignments/PRM_0272_2_templates.tsv	RQCKVLFEYIPQNEDELELKVGDIIDINEEVEEGWWSGTLNNKLGLFPSNFVKEL/FRSWLLNY	PRM__PRM_0272_2_b0_r2
PRM_0272	2	examples/sh3/alignments/PRM_0272_2_templates.tsv	RQCKVLFEYIPQNEDELELKVGDIIDINEEVEEGWWSGTLNNKLGLFPSNFVKEL/GPITIAHG	PRM__PRM_0272_2_b0_r3
PRM_0272	2	examples/sh3/alignments/PRM_0272_2_templates.tsv	RQCKVLFEYIPQNEDELELKVGDIIDINEEVEEGWWSGTLNNKLGLFPSNFVKEL/ETRTPLRT	PRM__PRM_0272_2_b0_r4
PRM_0272	2	examples/sh3/alignments/PRM_0272_2_templates.tsv	RQCKVLFEYIPQNEDELELKVGDIIDINEEVEEGWWSGTLNNKLGLFPSNFVKEL/RLKTFSSG	PRM__PRM_0272_2_b0_r5
PRM_0272	2	examples/sh3/alignments/PRM_0272_2_templates.tsv	RQCKVLFEYIPQNEDELELKVGDIIDINEEVEEGWWSGTLNNKLGLFPSNFVKEL/LRRILTPS	PRM__PRM_0272_2_b0_r6
PRM_0272	2	examples/sh3/alignments/PRM_0272_2_templates.tsv	RQCKVLFEYIPQNEDELELKVGDIIDINEEVEEGWWSGTLNNKLGLFPSNFVKEL/QEHFDLWP	PRM__PRM_0272_2_b0_r7
PRM_0272	2	examples/sh3/alignments/PRM_0272_2_templates.tsv	RQCKVLFEYIPQNEDELELKVGDIIDINEEVEEGWWSGTLNNKLGLFPSNFVKEL/CRLARLLS	PRM__PRM_0272_2_b0_r8
PRM_0272	2	examples/sh3/alignments/PRM_0272_2_templates.tsv	RQCKVLFEYIPQNEDELELKVGDIIDINEEVEEGWWSGTLNNKLGLFPSNFVKEL/LWRYRELC	PRM__PRM_0272_2_b0_r9
PRM_0210	1	examples/sh3/alignments/PRM_0210_1_templates.tsv	MEAIAKYDFKATADDELSFKRGDILKVLNEECDQNWYKAELNGKDGFIPKNYIEMK/HLAQRIRVY	PRM__PRM_0210_1_b0_r0
PRM_0210	1	examples/sh3/alignments/PRM_0210_1_templates.tsv	MEAIAKYDFKATADDELSFKRGDILKVLNEECDQNWYKAELNGKDGFIPKNYIEMK/HGGRQQFPV	PRM__PRM_0210_1_b0_r1
PRM_0210	1	examples/sh3/alignments/PRM_0210_1_templates.tsv	MEAIAKYDFKATADDELSFKRGDILKVLNEECDQNWYKAELNGKDGFIPKNYIEMK/MIDLLPSLL	PRM__PRM_0210_1_b0_r2
PRM_0210	1	examples/sh3/alignments/PRM_0210_1_templates.tsv	MEAIAKYDFKATADDELSFKRGDILKVLNEECDQNWYKAELNGKDGFIPKNYIEMK/PRVDVGQSR	PRM__PRM_0210_1_b0_r3
PRM_0210	1	examples/sh3/alignments/PRM_0210_1_templates.tsv	MEAIAKYDFKATADDELSFKRGDILKVLNEECDQNWYKAELNGKDGFIPKNYIEMK/DFTYDRNKV	PRM__PRM_0210_1_b0_r4
PRM_0210	1	examples/sh3/alignments/PRM_0210_1_templates.tsv	MEAIAKYDFKATADDELSFKRGDILKVLNEECDQNWYKAELNGKDGFIPKNYIEMK/RSNSQLPSY	PRM__PRM_0210_1_b0_r5
PRM_0210	1	examples/sh3/alignments/PRM_0210_1_templates.tsv	MEAIAKYDFKATADDELSFKRGDILKVLNEECDQNWYKAELNGKDGFIPKNYIEMK/GRDRIQLFK	PRM__PRM_0210_1_b0_r6
PRM_0210	1	examples/sh3/alignments/PRM_0210_1_templates.tsv	MEAIAKYDFKATADDELSFKRGDILKVLNEECDQNWYKAELNGKDGFIPKNYIEMK/CPCYPELAV	PRM__PRM_0210_1_b0_r7
PRM_0210	1	examples/sh3/alignments/PRM_0210_1_templates.tsv	MEAIAKYDFKATADDELSFKRGDILKVLNEECDQNWYKAELNGKDGFIPKNYIEMK/AIGYTARGV	PRM__PRM_0210_1_b0_r8
PRM_0210	1	examples/sh3/alignments/PRM_0210_1_templates.tsv	MEAIAKYDFKATADDELSFKRGDILKVLNEECDQNWYKAELNGKDGFIPKNYIEMK/SVLEPRLST	PRM__PRM_0210_1_b0_r9
PRM_0285	2	examples/sh3/alignments/PRM_0285_2_templates.tsv	VEAIVEFDYQAQHDDELTISVGEIITNIRKEDGGWWEGQINGRRGLFPDNFVREI/QLILLCYL	PRM__PRM_0285_2_b0_r0
PRM_0285	2	examples/sh3/alignments/PRM_0285_2_templates.tsv	VEAIVEFDYQAQHDDELTISVGEIITNIRKEDGGWWEGQINGRRGLFPDNFVREI/LSDAWLCH	PRM__PRM_0285_2_b0_r1
PRM_0285	2	examples/sh3/alignments/PRM_0285_2_templates.tsv	VEAIVEFDYQAQHDDELTISVGEIITNIRKEDGGWWEGQINGRRGLFPDNFVREI/GSLQRRVS	PRM__PRM_0285_2_b0_r2
PRM_0285	2	examples/sh3/alignments/PRM_0285_2_templates.tsv	VEAIVEFDYQAQHDDELTISVGEIITNIRKEDGGWWEGQINGRRGLFPDNFVREI/WLWCAHDL	PRM__PRM_0285_2_b0_r3
PRM_0285	2	examples/sh3/alignments/PRM_0285_2_templates.tsv	VEAIVEFDYQAQHDDELTISVGEIITNIRKEDGGWWEGQINGRRGLFPDNFVREI/LVQFNLWR	PRM__PRM_0285_2_b0_r4
PRM_0285	2	examples/sh3/alignments/PRM_0285_2_templates.tsv	VEAIVEFDYQAQHDDELTISVGEIITNIRKEDGGWWEGQINGRRGLFPDNFVREI/LSCGWCQS	PRM__PRM_0285_2_b0_r5
PRM_0285	2	examples/sh3/alignments/PRM_0285_2_templates.tsv	VEAIVEFDYQAQHDDELTISVGEIITNIRKEDGGWWEGQINGRRGLFPDNFVREI/LRTGLRSR	PRM__PRM_0285_2_b0_r6
PRM_0285	2	examples/sh3/alignments/PRM_0285_2_templates.tsv	VEAIVEFDYQAQHDDELTISVGEIITNIRKEDGGWWEGQINGRRGLFPDNFVREI/SCMAYQTC	PRM__PRM_0285_2_b0_r7
PRM_0285	2	examples/sh3/alignments/PRM_0285_2_templates.tsv	VEAIVEFDYQAQHDDELTISVGEIITNIRKEDGGWWEGQINGRRGLFPDNFVREI/QLDWTSRM	PRM__PRM_0285_2_b0_r8
PRM_0285	2	examples/sh3/alignments/PRM_0285_2_templates.tsv	VEAIVEFDYQAQHDDELTISVGEIITNIRKEDGGWWEGQINGRRGLFPDNFVREI/SRSLIGGR	PRM__PRM_0285_2_b0_r9
PRM_0190	2	examples/sh3/alignments/PRM_0190_2_templates.tsv	EPEVPFKVVAQFPYKSDYEDDLNFEKDQEIIVTSVEDAEWYFGEYQDSNGDVIEGIFPKSFVAV/THFARILW	PRM__PRM_0190_2_b0_r0
PRM_0190	2	examples/sh3/alignments/PRM_0190_2_templates.tsv	EPEVPFKVVAQFPYKSDYEDDLNFEKDQEIIVTSVEDAEWYFGEYQDSNGDVIEGIFPKSFVAV/LRSIHTLG	PRM__PRM_0190_2_b0_r1
PRM_0190	2	examples/sh3/alignments/PRM_0190_2_templates.tsv	EPEVPFKVVAQFPYKSDYEDDLNFEKDQEIIVTSVEDAEWYFGEYQDSNGDVIEGIFPKSFVAV/PRTPVNTR	PRM__PRM_0190_2_b0_r2
PRM_0190	2	examples/sh3/alignments/PRM_0190_2_templates.tsv	EPEVPFKVVAQFPYKSDYEDDLNFEKDQEIIVTSVEDAEWYFGEYQDSNGDVIEGIFPKSFVAV/LRRLNFRM	PRM__PRM_0190_2_b0_r3
PRM_0190	2	examples/sh3/alignments/PRM_0190_2_templates.tsv	EPEVPFKVVAQFPYKSDYEDDLNFEKDQEIIVTSVEDAEWYFGEYQDSNGDVIEGIFPKSFVAV/KEVGITIP	PRM__PRM_0190_2_b0_r4
PRM_0190	2	examples/sh3/alignments/PRM_0190_2_templates.tsv	EPEVPFKVVAQFPYKSDYEDDLNFEKDQEIIVTSVEDAEWYFGEYQDSNGDVIEGIFPKSFVAV/RWVENRPY	PRM__PRM_0190_2_b0_r5
PRM_0190	2	examples/sh3/alignments/PRM_0190_2_templates.tsv	EPEVPFKVVAQFPYKSDYEDDLNFEKDQEIIVTSVEDAEWYFGEYQDSNGDVIEGIFPKSFVAV/MYISALYV	PRM__PRM_0190_2_b0_r6
PRM_0190	2	examples/sh3/alignments/PRM_0190_2_templates.tsv	EPEVPFKVVAQFPYKSDYEDDLNFEKDQEIIVTSVEDAEWYFGEYQDSNGDVIEGIFPKSFVAV/LSKRRSKR	PRM__PRM_0190_2_b0_r7
PRM_0190	2	examples/sh3/alignments/PRM_0190_2_templates.tsv	EPEVPFKVVAQFPYKSDYEDDLNFEKDQEIIVTSVEDAEWYFGEYQDSNGDVIEGIFPKSFVAV/LGMYFAFS	PRM__PRM_0190_2_b0_r8
PRM_0190	2	examples/sh3/alignments/PRM_0190_2_templates.tsv	EPEVPFKVVAQFPYKSDYEDDLNFEKDQEIIVTSVEDAEWYFGEYQDSNGDVIEGIFPKSFVAV/SRFLSLSE	PRM__PRM_0190_2_b0_r9
PRM_0273	2	examples/sh3/alignments/PRM_0273_2_templates.tsv	VDYIVEYDYDAVHDDELTIRVGEIIRNVKKLQEEGWLEGELNGRRGMFPDNFVKEI/FFWWAMVF	PRM__PRM_0273_2_b0_r0
PRM_0273	2	examples/sh3/alignments/PRM_0273_2_templates.tsv	VDYIVEYDYDAVHDDELTIRVGEIIRNVKKLQEEGWLEGELNGRRGMFPDNFVKEI/SGPGLHYR	PRM__PRM_0273_2_b0_r1
PRM_0273	2	examples/sh3/alignments/PRM_0273_2_templates.tsv	VDYIVEYDYDAVHDDELTIRVGEIIRNVKKLQEEGWLEGELNGRRGMFPDNFVKEI/RGDDIKHL	PRM__PRM_0273_2_b0_r2
PRM_0273	2	examples/sh3/alignments/PRM_0273_2_templates.tsv	VDYIVEYDYDAVHDDELTIRVGEIIRNVKKLQEEGWLEGELNGRRGMFPDNFVKEI/LYVAQTHF	PRM__PRM_0273_2_b0_r3
PRM_0273	2	examples/sh3/alignments/PRM_0273_2_templates.tsv	VDYIVEYDYDAVHDDELTIRVGEIIRNVKKLQEEGWLEGELNGRRGMFPDNFVKEI/QSGVWLLG	PRM__PRM_0273_2_b0_r4
PRM_0273	2	examples/sh3/alignments/PRM_0273_2_templates.tsv	VDYIVEYDYDAVHDDELTIRVGEIIRNVKKLQEEGWLEGELNGRRGMFPDNFVKEI/APVSSRLL	PRM__PRM_0273_2_b0_r5
PRM_0273	2	examples/sh3/alignments/PRM_0273_2_templates.tsv	VDYIVEYDYDAVHDDELTIRVGEIIRNVKKLQEEGWLEGELNGRRGMFPDNFVKEI/SFGRARPH	PRM__PRM_0273_2_b0_r6
PRM_0273	2	examples/sh3/alignments/PRM_0273_2_templates.tsv	VDYIVEYDYDAVHDDELTIRVGEIIRNVKKLQEEGWLEGELNGRRGMFPDNFVKEI/MLERRSLD	PRM__PRM_0273_2_b0_r7
PRM_0273	2	examples/sh3/alignments/PRM_0273_2_templates.tsv	VDYIVEYDYDAVHDDELTIRVGEIIRNVKKLQEEGWLEGELNGRRGMFPDNFVKEI/DNATSKSI	PRM__PRM_0273_2_b0_r8
PRM_0273	2	examples/sh3/alignments/PRM_0273_2_templates.tsv	VDYIVEYDYDAVHDDELTIRVGEIIRNVKKLQEEGWLEGELNGRRGMFPDNFVKEI/EPAAAVMV	PRM__PRM_0273_2_b0_r9
PRM_0272	1	examples/sh3/alignments/PRM_0272_1_templates.tsv	RQCKVLFEYIPQNEDELELKVGDIIDINEEVEEGWWSGTLNNKLGLFPSNFVKEL/RFGEQDGGN	PRM__PRM_0272_1_b0_r0
PRM_0272	1	examples/sh3/alignments/PRM_0272_1_templates.tsv	RQCKVLFEYIPQNEDELELKVGDIIDINEEVEEGWWSGTLNNKLGLFPSNFVKEL/MRWDRLRSV	PRM__PRM_0272_1_b0_r1
PRM_0272	1	examples/sh3/alignments/PRM_0272_1_templates.tsv	RQCKVLFEYIPQNEDELELKVGDIIDINEEVEEGWWSGTLNNKLGLFPSNFVKEL/SAPACGGAL	PRM__PRM_0272_1_b0_r2
PRM_0272	1	examples/sh3/alignments/PRM_0272_1_templates.tsv	RQCKVLFEYIPQNEDELELKVGDIIDINEEVEEGWWSGTLNNKLGLFPSNFVKEL/PLVRCAASR	PRM__PRM_0272_1_b0_r3
PRM_0272	1	examples/sh3/alignments/PRM_0272_1_templates.tsv	RQCKVLFEYIPQNEDELELKVGDIIDINEEVEEGWWSGTLNNKLGLFPSNFVKEL/GIFSRPSVG	PRM__PRM_0272_1_b0_r4
PRM_0272	1	examples/sh3/alignments/PRM_0272_1_templates.tsv	RQCKVLFEYIPQNEDELELKVGDIIDINEEVEEGWWSGTLNNKLGLFPSNFVKEL/VPKSNRPLD	PRM__PRM_0272_1_b0_r5
PRM_0272	1	examples/sh3/alignments/PRM_0272_1_templates.tsv	RQCKVLFEYIPQNEDELELKVGDIIDINEEVEEGWWSGTLNNKLGLFPSNFVKEL/IQGFITSKA	PRM__PRM_0272_1_b0_r6
PRM_0272	1	examples/sh3/alignments/PRM_0272_1_templates.tsv	RQCKVLFEYIPQNEDELELKVGDIIDINEEVEEGWWSGTLNNKLGLFPSNFVKEL/RYLGYLPAK	PRM__PRM_0272_1_b0_r7
PRM_0272	1	examples/sh3/alignments/PRM_0272_1_templates.tsv	RQCKVLFEYIPQNEDELELKVGDIIDINEEVEEGWWSGTLNNKLGLFPSNFVKEL/GTPTPRPMG	PRM__PRM_0272_1_b0_r8
PRM_0272	1	examples/sh3/alignments/PRM_0272_1_templates.tsv	RQCKVLFEYIPQNEDELELKVGDIIDINEEVEEGWWSGTLNNKLGLFPSNFVKEL/GRLSRVLCG	PRM__PRM_0272_1_b0_r9
PRM_0166	1	examples/sh3/alignments/PRM_0166_1_templates.tsv	SSPKAVALYSFAGEESGDLPFRKGDVITILKKSDSQNDWWTGRVNGREGI/AGGVPILAQ	PRM__PRM_0166_1_b0_r0
PRM_0166	1	examples/sh3/alignments/PRM_0166_1_templates.tsv	SSPKAVALYSFAGEESGDLPFRKGDVITILKKSDSQNDWWTGRVNGREGI/LYMTIASMG	PRM__PRM_0166_1_b0_r1
PRM_0166	1	examples/sh3/alignments/PRM_0166_1_templates.tsv	SSPKAVALYSFAGEESGDLPFRKGDVITILKKSDSQNDWWTGRVNGREGI/AMQRNCYRS	PRM__PRM_0166_1_b0_r2
PRM_0166	1	examples/sh3/alignments/PRM_0166_1_templates.tsv	SSPKAVALYSFAGEESGDLPFRKGDVITILKKSDSQNDWWTGRVNGREGI/WGYRQQNHR	PRM__PRM_0166_1_b0_r3
PRM_0166	1	examples/sh3/alignments/PRM_0166_1_templates.tsv	SSPKAVALYSFAGEESGDLPFRKGDVITILKKSDSQNDWWTGRVNGREGI/HSYYPMVPV	PRM__PRM_0166_1_b0_r4
PRM_0166	1	examples/sh3/alignments/PRM_0166_1_templates.tsv	SSPKAVALYSFAGEESGDLPFRKGDVITILKKSDSQNDWWTGRVNGREGI/NVKAGSPTL	PRM__PRM_0166_1_b0_r5
PRM_0166	1	examples/sh3/alignments/PRM_0166_1_templates.tsv	SSPKAVALYSFAGEESGDLPFRKGDVITILKKSDSQNDWWTGRVNGREGI/SSSLFTPYQ	PRM__PRM_0166_1_b0_r6
PRM_0166	1	examples/sh3/alignments/PRM_0166_1_templates.tsv	SSPKAVALYSFAGEESGDLPFRKGDVITILKKSDSQNDWWTGRVNGREGI/HYPTFSGEV	PRM__PRM_0166_1_b0_r7
PRM_0166	1	examples/sh3/alignments/PRM_0166_1_templates.tsv	SSPKAVALYSFAGEESGDLPFRKGDVITILKKSDSQNDWWTGRVNGREGI/RIKRTRGMI	PRM__PRM_0166_1_b0_r8
PRM_0166	1	examples/sh3/alignments/PRM_0166_1_templates.tsv	SSPKAVALYSFAGEESGDLPFRKGDVITILKKSDSQNDWWTGRVNGREGI/GTVGTECKH	PRM__PRM_0166_1_b0_r9
PRM_0231	2	examples/sh3/alignments/PRM_0231_2_templates.tsv	RRVKTIYDCQADNDDELTFIEGEVIIVTGEEDQEWWIGHIEGQPERKGVFPVSFVHIL/GMITVMGL	PRM__PRM_0231_2_b0_r0
PRM_0231	2	examples/sh3/alignments/PRM_0231_2_templates.tsv	RRVKTIYDCQADNDDELTFIEGEVIIVTGEEDQEWWIGHIEGQPERKGVFPVSFVHIL/NGIYRQAQ	PRM__PRM_0231_2_b0_r1
PRM_0231	2	examples/sh3/alignments/PRM_0231_2_templates.tsv	RRVKTIYDCQADNDDELTFIEGEVIIVTGEEDQEWWIGHIEGQPERKGVFPVSFVHIL/HSLQLYAT	PRM__PRM_0231_2_b0_r2
PRM_0231	2	examples/sh3/alignments/PRM_0231_2_templates.tsv	RRVKTIYDCQADNDDELTFIEGEVIIVTGEEDQEWWIGHIEGQPERKGVFPVSFVHIL/VKGLPYYF	PRM__PRM_0231_2_b0_r3
PRM_0231	2	examples/sh3/alignments/PRM_0231_2_templates.tsv	RRVKTIYDCQADNDDELTFIEGEVIIVTGEEDQEWWIGHIEGQPERKGVFPVSFVHIL/CGQGLPAD	PRM__PRM_0231_2_b0_r4
PRM_0231	2	examples/sh3/alignments/PRM_0231_2_templates.tsv	RRVKTIYDCQADNDDELTFIEGEVIIVTGEEDQEWWIGHIEGQPERKGVFPVSFVHIL/SLMVPGGC	PRM__PRM_0231_2_b0_r5
PRM_0231	2	examples/sh3/alignments/PRM_0231_2_templates.tsv	RRVKTIYDCQADNDDELTFIEGEVIIVTGEEDQEWWIGHIEGQPERKGVFPVSFVHIL/VSLPPKGA	PRM__PRM_0231_2_b0_r6
PRM_0231	2	examples/sh3/alignments/PRM_0231_2_templates.tsv	RRVKTIYDCQADNDDELTFIEGEVIIVTGEEDQEWWIGHIEGQPERKGVFPVSFVHIL/AGYYAIHQ	PRM__PRM_0231_2_b0_r7
PRM_0231	2	examples/sh3/alignments/PRM_0231_2_templates.tsv	RRVKTIYDCQADNDDELTFIEGEVIIVTGEEDQEWWIGHIEGQPERKGVFPVSFVHIL/SVRVGIRS	PRM__PRM_0231_2_b0_r8
PRM_0231	2	examples/sh3/alignments/PRM_0231_2_templates.tsv	RRVKTIYDCQADNDDELTFIEGEVIIVTGEEDQEWWIGHIEGQPERKGVFPVSFVHIL/LICNAWRM	PRM__PRM_0231_2_b0_r9
PRM_0152	1	examples/sh3/alignments/PRM_0152_1_templates.tsv	DNFIYKAKALYPYDADDDDAYEISFEQNEILQVSDIEGRWWKARRANGETGIIPSNYVQLIDGPE/FRSCEMTTL	PRM__PRM_0152_1_b0_r0
PRM_0152	1	examples/sh3/alignments/PRM_0152_1_templates.tsv	DNFIYKAKALYPYDADDDDAYEISFEQNEILQVSDIEGRWWKARRANGETGIIPSNYVQLIDGPE/LQGIRGGPR	PRM__PRM_0152_1_b0_r1
PRM_0152	1	examples/sh3/alignments/PRM_0152_1_templates.tsv	DNFIYKAKALYPYDADDDDAYEISFEQNEILQVSDIEGRWWKARRANGETGIIPSNYVQLIDGPE/VLNNMYPTE	PRM__PRM_0152_1_b0_r2
PRM_0152	1	examples/sh3/alignments/PRM_0152_1_templates.tsv	DNFIYKAKALYPYDADDDDAYEISFEQNEILQVSDIEGRWWKARRANGETGIIPSNYVQLIDGPE/IRSPKAALS	PRM__PRM_0152_1_b0_r3
PRM_0152	1	examples/sh3/alignments/PRM_0152_1_templates.tsv	DNFIYKAKALYPYDADDDDAYEISFEQNEILQVSDIEGRWWKARRANGETGIIPSNYVQLIDGPE/WMESFTWPS	PRM__PRM_0152_1_b0_r4
PRM_0152	1	examples/sh3/alignments/PRM_0152_1_templates.tsv	DNFIYKAKALYPYDADDDDAYEISFEQNEILQVSDIEGRWWKARRANGETGIIPSNYVQLIDGPE/SSAWWVWFV	PRM__PRM_0152_1_b0_r5
PRM_0152	1	examples/sh3/alignments/PRM_0152_1_templates.tsv	DNFIYKAKALYPYDADDDDAYEISFEQNEILQVSDIEGRWWKARRANGETGIIPSNYVQLIDGPE/IPSLYSDVY	PRM__PRM_0152_1_b0_r6
PRM_0152	1	examples/sh3/alignments/PRM_0152_1_templates.tsv	DNFIYKAKALYPYDADDDDAYEISFEQNEILQVSDIEGRWWKARRANGETGIIPSNYVQLIDGPE/MTAFNARGY	PRM__PRM_0152_1_b0_r7
PRM_0152	1	examples/sh3/alignments/PRM_0152_1_templates.tsv	DNFIYKAKALYPYDADDDDAYEISFEQNEILQVSDIEGRWWKARRANGETGIIPSNYVQLIDGPE/APYMSRQRV	PRM__PRM_0152_1_b0_r8
PRM_0152	1	examples/sh3/alignments/PRM_0152_1_templates.tsv	DNFIYKAKALYPYDADDDDAYEISFEQNEILQVSDIEGRWWKARRANGETGIIPSNYVQLIDGPE/RKVGYLCHT	PRM__PRM_0152_1_b0_r9
PRM_0190	1	examples/sh3/alignments/PRM_0190_1_templates.tsv	EPEVPFKVVAQFPYKSDYEDDLNFEKDQEIIVTSVEDAEWYFGEYQDSNGDVIEGIFPKSFVAV/CRPVVVRYA	PRM__PRM_0190_1_b0_r0
PRM_0190	1	examples/sh3/alignments/PRM_0190_1_templates.tsv	EPEVPFKVVAQFPYKSDYEDDLNFEKDQEIIVTSVEDAEWYFGEYQDSNGDVIEGIFPKSFVAV/VGTMPHYVT	PRM__PRM_0190_1_b0_r1
PRM_0190	1	examples/sh3/alignments/PRM_0190_1_templates.tsv	EPEVPFKVVAQFPYKSDYEDDLNFEKDQEIIVTSVEDAEWYFGEYQDSNGDVIEGIFPKSFVAV/LLRNSPVKG	PRM__PRM_0190_1_b0_r2
PRM_0190	1	examples/sh3/alignments/PRM_0190_1_templates.tsv	EPEVPFKVVAQFPYKSDYEDDLNFEKDQEIIVTSVEDAEWYFGEYQDSNGDVIEGIFPKSFVAV/LRMPRVRPY	PRM__PRM_0190_1_b0_r3
PRM_0190	1	examples/sh3/alignments/PRM_0190_1_templates.tsv	EPEVPFKVVAQFPYKSDYEDDLNFEKDQEIIVTSVEDAEWYFGEYQDSNGDVIEGIFPKSFVAV/STLTLSTAV	PRM__PRM_0190_1_b0_r4
PRM_0190	1	examples/sh3/alignments/PRM_0190_1_templates.tsv	EPEVPFKVVAQFPYKSDYEDDLNFEKDQEIIVTSVEDAEWYFGEYQDSNGDVIEGIFPKSFVAV/SGPSSRSTK	PRM__PRM_0190_1_b0_r5
PRM_0190	1	examples/sh3/alignments/PRM_0190_1_templates.tsv	EPEVPFKVVAQFPYKSDYEDDLNFEKDQEIIVTSVEDAEWYFGEYQDSNGDVIEGIFPKSFVAV/RDLSDVPKM	PRM__PRM_0190_1_b0_r6
PRM_0190	1	examples/sh3/alignments/PRM_0190_1_templates.tsv	EPEVPFKVVAQFPYKSDYEDDLNFEKDQEIIVTSVEDAEWYFGEYQDSNGDVIEGIFPKSFVAV/MPWARKTAY	PRM__PRM_0190_1_b0_r7
PRM_0190	1	examples/sh3/alignments/PRM_0190_1_templates.tsv	EPEVPFKVVAQFPYKSDYEDDLNFEKDQEIIVTSVEDAEWYFGEYQDSNGDVIEGIFPKSFVAV/GIMDRCGWC	PRM__PRM_0190_1_b0_r8
PRM_0190	1	examples/sh3/alignments/PRM_0190_1_templates.tsv	EPEVPFKVVAQFPYKSDYEDDLNFEKDQEIIVTSVEDAEWYFGEYQDSNGDVIEGIFPKSFVAV/IQWGAFLII	PRM__PRM_0190_1_b0_r9
PRM_0291	1	examples/sh3/alignments/PRM_0291_1_templates.tsv	FKVQAQHDYTATDTDELQLKAGDVVLVIPFQNPEEQDEGWLMGVKESDWNQHKELEKCRGVFPENFTERV/RCLPDDSMR	PRM__PRM_0291_1_b0_r0
PRM_0291	1	examples/sh3/alignments/PRM_0291_1_templates.tsv	FKVQAQHDYTATDTDELQLKAGDVVLVIPFQNPEEQDEGWLMGVKESDWNQHKELEKCRGVFPENFTERV/ALSTSVPWL	PRM__PRM_0291_1_b0_r1
PRM_0291	1	examples/sh3/alignments/PRM_0291_1_templates.tsv	FKVQAQHDYTATDTDELQLKAGDVVLVIPFQNPEEQDEGWLMGVKESDWNQHKELEKCRGVFPENFTERV/YASGSVIAL	PRM__PRM_0291_1_b0_r2
PRM_0291	1	examples/sh3/alignments/PRM_0291_1_templates.tsv	FKVQAQHDYTATDTDELQLKAGDVVLVIPFQNPEEQDEGWLMGVKESDWNQHKELEKCRGVFPENFTERV/GIPPTEVSG	PRM__PRM_0291_1_b0_r3
PRM_0291	1	examples/sh3/alignments/PRM_0291_1_templates.tsv	FKVQAQHDYTATDTDELQLKAGDVVLVIPFQNPEEQDEGWLMGVKESDWNQHKELEKCRGVFPENFTERV/ASAKWRNRW	PRM__PRM_0291_1_b0_r4
PRM_0291	1	examples/sh3/alignments/PRM_0291_1_templates.tsv	FKVQAQHDYTATDTDELQLKAGDVVLVIPFQNPEEQDEGWLMGVKESDWNQHKELEKCRGVFPENFTERV/TYRALRRPF	PRM__PRM_0291_1_b0_r5
PRM_0291	1	examples/sh3/alignments/PRM_0291_1_templates.tsv	FKVQAQHDYTATDTDELQLKAGDVVLVIPFQNPEEQDEGWLMGVKESDWNQHKELEKCRGVFPENFTERV/PVEPSWESR	PRM__PRM_0291_1_b0_r6
PRM_0291	1	examples/sh3/alignments/PRM_0291_1_templates.tsv	FKVQAQHDYTATDTDELQLKAGDVVLVIPFQNPEEQDEGWLMGVKESDWNQHKELEKCRGVFPENFTERV/RAPWKNNDA	PRM__PRM_0291_1_b0_r7
PRM_0291	1	examples/sh3/alignments/PRM_0291_1_templates.tsv	FKVQAQHDYTATDTDELQLKAGDVVLVIPFQNPEEQDEGWLMGVKESDWNQHKELEKCRGVFPENFTERV/FLQQTCEQQ	PRM__PRM_0291_1_b0_r8
PRM_0291	1	examples/sh3/alignments/PRM_0291_1_templates.tsv	FKVQAQHDYTATDTDELQLKAGDVVLVIPFQNPEEQDEGWLMGVKESDWNQHKELEKCRGVFPENFTERV/FLYRQGRKR	PRM__PRM_0291_1_b0_r9
PRM_0298	1	examples/sh3/alignments/PRM_0298_1_templates.tsv	GEAIAKFNFNGDTQVEMSFRKGERITLLRQVDENWYEGRIPGTSRQGIFPITYVDVI/AHPLIMGLD	PRM__PRM_0298_1_b0_r0
PRM_0298	1	examples/sh3/alignments/PRM_0298_1_templates.tsv	GEAIAKFNFNGDTQVEMSFRKGERITLLRQVDENWYEGRIPGTSRQGIFPITYVDVI/NIWAVSTGS	PRM__PRM_0298_1_b0_r1
PRM_0298	1	examples/sh3/alignments/PRM_0298_1_templates.tsv	GEAIAKFNFNGDTQVEMSFRKGERITLLRQVDENWYEGRIPGTSRQGIFPITYVDVI/IEALHHVHA	PRM__PRM_0298_1_b0_r2
PRM_0298	1	examples/sh3/alignments/PRM_0298_1_templates.tsv	GEAIAKFNFNGDTQVEMSFRKGERITLLRQVDENWYEGRIPGTSRQGIFPITYVDVI/LPKHTSFLT	PRM__PRM_0298_1_b0_r3
PRM_0298	1	examples/sh3/alignments/PRM_0298_1_templates.tsv	GEAIAKFNFNGDTQVEMSFRKGERITLLRQVDENWYEGRIPGTSRQGIFPITYVDVI/VEKRSAFWY	PRM__PRM_0298_1_b0_r4
PRM_0298	1	examples/sh3/alignments/PRM_0298_1_templates.tsv	GEAIAKFNFNGDTQVEMSFRKGERITLLRQVDENWYEGRIPGTSRQGIFPITYVDVI/KQFIQGSRN	PRM__PRM_0298_1_b0_r5
PRM_0298	1	examples/sh3/alignments/PRM_0298_1_templates.tsv	GEAIAKFNFNGDTQVEMSFRKGERITLLRQVDENWYEGRIPGTSRQGIFPITYVDVI/GAESVPLVW	PRM__PRM_0298_1_b0_r6
PRM_0298	1	examples/sh3/alignments/PRM_0298_1_templates.tsv	GEAIAKFNFNGDTQVEMSFRKGERITLLRQVDENWYEGRIPGTSRQGIFPITYVDVI/HPHTSPGPN	PRM__PRM_0298_1_b0_r7
PRM_0298	1	examples/sh3/alignments/PRM_0298_1_templates.tsv	GEAIAKFNFNGDTQVEMSFRKGERITLLRQVDENWYEGRIPGTSRQGIFPITYVDVI/LAVTADHCG	PRM__PRM_0298_1_b0_r8
PRM_0298	1	examples/sh3/alignments/PRM_0298_1_templates.tsv	GEAIAKFNFNGDTQVEMSFRKGERITLLRQVDENWYEGRIPGTSRQGIFPITYVDVI/LPLLWTDTE	PRM__PRM_0298_1_b0_r9
PRM_0266	2	examples/sh3/alignments/PRM_0266_2_templates.tsv	TLFVALYDYEARTEDDLSFHKGEKFQILNSSEGDWWEARSLTTGETGYIPSNYVAPV/PWDRRDTF	PRM__PRM_0266_2_b0_r0
PRM_0266	2	examples/sh3/alignments/PRM_0266_2_templates.tsv	TLFVALYDYEARTEDDLSFHKGEKFQILNSSEGDWWEARSLTTGETGYIPSNYVAPV/CRTVVHHP	PRM__PRM_0266_2_b0_r1
PRM_0266	2	examples/sh3/alignments/PRM_0266_2_templates.tsv	TLFVALYDYEARTEDDLSFHKGEKFQILNSSEGDWWEARSLTTGETGYIPSNYVAPV/LGLLNEYG	PRM__PRM_0266_2_b0_r2
PRM_0266	2	examples/sh3/alignments/PRM_0266_2_templates.tsv	TLFVALYDYEARTEDDLSFHKGEKFQILNSSEGDWWEARSLTTGETGYIPSNYVAPV/EALAGRYE	PRM__PRM_0266_2_b0_r3
PRM_0266	2	examples/sh3/alignments/PRM_0266_2_templates.tsv	TLFVALYDYEARTEDDLSFHKGEKFQILNSSEGDWWEARSLTTGETGYIPSNYVAPV/HRPQCGVR	PRM__PRM_0266_2_b0_r4
PRM_0266	2	examples/sh3/alignments/PRM_0266_2_templates.tsv	TLFVALYDYEARTEDDLSFHKGEKFQILNSSEGDWWEARSLTTGETGYIPSNYVAPV/MSLWEGSD	PRM__PRM_0266_2_b0_r5
PRM_0266	2	examples/sh3/alignments/PRM_0266_2_templates.tsv	TLFVALYDYEARTEDDLSFHKGEKFQILNSSEGDWWEARSLTTGETGYIPSNYVAPV/SLSVTYCT	PRM__PRM_0266_2_b0_r6
PRM_0266	2	examples/sh3/alignments/PRM_0266_2_templates.tsv	TLFVALYDYEARTEDDLSFHKGEKFQILNSSEGDWWEARSLTTGETGYIPSNYVAPV/LYEFAVWK	PRM__PRM_0266_2_b0_r7
PRM_0266	2	examples/sh3/alignments/PRM_0266_2_templates.tsv	TLFVALYDYEARTEDDLSFHKGEKFQILNSSEGDWWEARSLTTGETGYIPSNYVAPV/AFRVMPDY	PRM__PRM_0266_2_b0_r8
PRM_0266	2	examples/sh3/alignments/PRM_0266_2_templates.tsv	TLFVALYDYEARTEDDLSFHKGEKFQILNSSEGDWWEARSLTTGETGYIPSNYVAPV/DITRMSHT	PRM__PRM_0266_2_b0_r9
PRM_0215	2	examples/sh3/alignments/PRM_0215_2_templates.tsv	TFVALYDYESRTETDLSFKKGERLQIVNNTEGDWWLAHSLTTGQTGYIPSNYVAPS/AQTTIDGT	PRM__PRM_0215_2_b0_r0
PRM_0215	2	examples/sh3/alignments/PRM_0215_2_templates.tsv	TFVALYDYESRTETDLSFKKGERLQIVNNTEGDWWLAHSLTTGQTGYIPSNYVAPS/LVFKGRLT	PRM__PRM_0215_2_b0_r1
PRM_0215	2	examples/sh3/alignments/PRM_0215_2_templates.tsv	TFVALYDYESRTETDLSFKKGERLQIVNNTEGDWWLAHSLTTGQTGYIPSNYVAPS/YTGIVMSA	PRM__PRM_0215_2_b0_r2
PRM_0215	2	examples/sh3/alignments/PRM_0215_2_templates.tsv	TFVALYDYESRTETDLSFKKGERLQIVNNTEGDWWLAHSLTTGQTGYIPSNYVAPS/CSCHTIDP	PRM__PRM_0215_2_b0_r3
PRM_0215	2	examples/sh3/alignments/PRM_0215_2_templates.tsv	TFVALYDYESRTETDLSFKKGERLQIVNNTEGDWWLAHSLTTGQTGYIPSNYVAPS/YPADSRPS	PRM__PRM_0215_2_b0_r4
PRM_0215	2	examples/sh3/alignments/PRM_0215_2_templates.tsv	TFVALYDYESRTETDLSFKKGERLQIVNNTEGDWWLAHSLTTGQTGYIPSNYVAPS/LNPPHKHA	PRM__PRM_0215_2_b0_r5
PRM_0215	2	examples/sh3/alignments/PRM_0215_2_templates.tsv	TFVALYDYESRTETDLSFKKGERLQIVNNTEGDWWLAHSLTTGQTGYIPSNYVAPS/SLSTATRL	PRM__PRM_0215_2_b0_r6
PRM_0215	2	examples/sh3/alignments/PRM_0215_2_templates.tsv	TFVALYDYESRTETDLSFKKGERLQIVNNTEGDWWLAHSLTTGQTGYIPSNYVAPS/SERRLRPG	PRM__PRM_0215_2_b0_r7
PRM_0215	2	examples/sh3/alignments/PRM_0215_2_templates.tsv	TFVALYDYESRTETDLSFKKGERLQIVNNTEGDWWLAHSLTTGQTGYIPSNYVAPS/LMVKGDDM	PRM__PRM_0215_2_b0_r8
PRM_0215	2	examples/sh3/alignments/PRM_0215_2_templates.tsv	TFVALYDYESRTETDLSFKKGERLQIVNNTEGDWWLAHSLTTGQTGYIPSNYVAPS/HMSQKRNR	PRM__PRM_0215_2_b0_r9
PRM_0166	2	examples/sh3/alignments/PRM_0166_2_templates.tsv	SSPKAVALYSFAGEESGDLPFRKGDVITILKKSDSQNDWWTGRVNGREGI/RIWHLYSG	PRM__PRM_0166_2_b0_r0
PRM_0166	2	examples/sh3/alignments/PRM_0166_2_templates.tsv	SSPKAVALYSFAGEESGDLPFRKGDVITILKKSDSQNDWWTGRVNGREGI/CLRDLLYL	PRM__PRM_0166_2_b0_r1
PRM_0166	2	examples/sh3/alignments/PRM_0166_2_templates.tsv	SSPKAVALYSFAGEESGDLPFRKGDVITILKKSDSQNDWWTGRVNGREGI/GKKLCRRS	PRM__PRM_0166_2_b0_r2
PRM_0166	2	examples/sh3/alignments/PRM_0166_2_templates.tsv	SSPKAVALYSFAGEESGDLPFRKGDVITILKKSDSQNDWWTGRVNGREGI/GRLSIAVD	PRM__PRM_0166_2_b0_r3
PRM_0166	2	examples/sh3/alignments/PRM_0166_2_templates.tsv	SSPKAVALYSFAGEESGDLPFRKGDVITILKKSDSQNDWWTGRVNGREGI/GLTWAVFI	PRM__PRM_0166_2_b0_r4
PRM_0166	2	examples/sh3/alignments/PRM_0166_2_templates.tsv	SSPKAVALYSFAGEESGDLPFRKGDVITILKKSDSQNDWWTGRVNGREGI/ITKRYSSH	PRM__PRM_0166_2_b0_r5
PRM_0166	2	examples/sh3/alignments/PRM_0166_2_templates.tsv	SSPKAVALYSFAGEESGDLPFRKGDVITILKKSDSQNDWWTGRVNGREGI/PPHSGMER	PRM__PRM_0166_2_b0_r6
PRM_0166	2	examples/sh3/alignments/PRM_0166_2_templates.tsv	SSPKAVALYSFAGEESGDLPFRKGDVITILKKSDSQNDWWTGRVNGREGI/VFEIRLTL	PRM__PRM_0166_2_b0_r7
PRM_0166	2	examples/sh3/alignments/PRM_0166_2_templates.tsv	SSPKAVALYSFAGEESGDLPFRKGDVITILKKSDSQNDWWTGRVNGREGI/DSQHLNRR	PRM__PRM_0166_2_b0_r8
PRM_0166	2	examples/sh3/alignments/PRM_0166_2_templates.tsv	SSPKAVALYSFAGEESGDLPFRKGDVITILKKSDSQNDWWTGRVNGREGI/LVKRSPPA	PRM__PRM_0166_2_b0_r9
PRM_0161	1	examples/sh3/alignments/PRM_0161_1_templates.tsv	EPIDPSKLEFARALYDFVPENPEMEVALKKGDLMAILSKKDPLGRDSDWWKVRTKNGNIGYIPYNYIEII/RRRGIILGG	PRM__PRM_0161_1_b0_r0
PRM_0161	1	examples/sh3/alignments/PRM_0161_1_templates.tsv	EPIDPSKLEFARALYDFVPENPEMEVALKKGDLMAILSKKDPLGRDSDWWKVRTKNGNIGYIPYNYIEII/QTKGFRRVP	PRM__PRM_0161_1_b0_r1
PRM_0161	1	examples/sh3/alignments/PRM_0161_1_templates.tsv	EPIDPSKLEFARALYDFVPENPEMEVALKKGDLMAILSKKDPLGRDSDWWKVRTKNGNIGYIPYNYIEII/ITTDPTLRQ	PRM__PRM_0161_1_b0_r2
PRM_0161	1	examples/sh3/alignments/PRM_0161_1_templates.tsv	EPIDPSKLEFARALYDFVPENPEMEVALKKGDLMAILSKKDPLGRDSDWWKVRTKNGNIGYIPYNYIEII/PDGWYRATS	PRM__PRM_0161_1_b0_r3
PRM_0161	1	examples/sh3/alignments/PRM_0161_1_templates.tsv	EPIDPSKLEFARALYDFVPENPEMEVALKKGDLMAILSKKDPLGRDSDWWKVRTKNGNIGYIPYNYIEII/FGWIVISCW	PRM__PRM_0161_1_b0_r4
PRM_0161	1	examples/sh3/alignments/PRM_0161_1_templates.tsv	EPIDPSKLEFARALYDFVPENPEMEVALKKGDLMAILSKKDPLGRDSDWWKVRTKNGNIGYIPYNYIEII/TERMRCTTH	PRM__PRM_0161_1_b0_r5
PRM_0161	1	examples/sh3/alignments/PRM_0161_1_templates.tsv	EPIDPSKLEFARALYDFVPENPEMEVALKKGDLMAILSKKDPLGRDSDWWKVRTKNGNIGYIPYNYIEII/LMCVWEESN	PRM__PRM_0161_1_b0_r6
PRM_0161	1	examples/sh3/alignments/PRM_0161_1_templates.tsv	EPIDPSKLEFARALYDFVPENPEMEVALKKGDLMAILSKKDPLGRDSDWWKVRTKNGNIGYIPYNYIEII/YSVRSLASE	PRM__PRM_0161_1_b0_r7
PRM_0161	1	examples/sh3/alignments/PRM_0161_1_templates.tsv	EPIDPSKLEFARALYDFVPENPEMEVALKKGDLMAILSKKDPLGRDSDWWKVRTKNGNIGYIPYNYIEII/QEASLKMGR	PRM__PRM_0161_1_b0_r8
PRM_0161	1	examples/sh3/alignments/PRM_0161_1_templates.tsv	EPIDPSKLEFARALYDFVPENPEMEVALKKGDLMAILSKKDPLGRDSDWWKVRTKNGNIGYIPYNYIEII/QTKPRDSSK	PRM__PRM_0161_1_b0_r9
PRM_0266	1	examples/sh3/alignments/PRM_0266_1_templates.tsv	TLFVALYDYEARTEDDLSFHKGEKFQILNSSEGDWWEARSLTTGETGYIPSNYVAPV/SCLCPACIR	PRM__PRM_0266_1_b0_r0
PRM_0266	1	examples/sh3/alignments/PRM_0266_1_templates.tsv	TLFVALYDYEARTEDDLSFHKGEKFQILNSSEGDWWEARSLTTGETGYIPSNYVAPV/QIQTDWSFR	PRM__PRM_0266_1_b0_r1
PRM_0266	1	examples/sh3/alignments/PRM_0266_1_templates.tsv	TLFVALYDYEARTEDDLSFHKGEKFQILNSSEGDWWEARSLTTGETGYIPSNYVAPV/STNRPACWR	PRM__PRM_0266_1_b0_r2
PRM_0266	1	examples/sh3/alignments/PRM_0266_1_templates.tsv	TLFVALYDYEARTEDDLSFHKGEKFQILNSSEGDWWEARSLTTGETGYIPSNYVAPV/PERAVKVRE	PRM__PRM_0266_1_b0_r3
PRM_0266	1	examples/sh3/alignments/PRM_0266_1_templates.tsv	TLFVALYDYEARTEDDLSFHKGEKFQILNSSEGDWWEARSLTTGETGYIPSNYVAPV/LASVKRLAC	PRM__PRM_0266_1_b0_r4
PRM_0266	1	examples/sh3/alignments/PRM_0266_1_templates.tsv	TLFVALYDYEARTEDDLSFHKGEKFQILNSSEGDWWEARSLTTGETGYIPSNYVAPV/KGMVCCKIP	PRM__PRM_0266_1_b0_r5
PRM_0266	1	examples/sh3/alignments/PRM_0266_1_templates.tsv	TLFVALYDYEARTEDDLSFHKGEKFQILNSSEGDWWEARSLTTGETGYIPSNYVAPV/VRPVFSRQC	PRM__PRM_0266_1_b0_r6
PRM_0266	1	examples/sh3/alignments/PRM_0266_1_templates.tsv	TLFVALYDYEARTEDDLSFHKGEKFQILNSSEGDWWEARSLTTGETGYIPSNYVAPV/YRESLPYRR	PRM__PRM_0266_1_b0_r7
PRM_0266	1	examples/sh3/alignments/PRM_0266_1_templates.tsv	TLFVALYDYEARTEDDLSFHKGEKFQILNSSEGDWWEARSLTTGETGYIPSNYVAPV/RWAAHVPPL	PRM__PRM_0266_1_b0_r8
PRM_0266	1	examples/sh3/alignments/PRM_0266_1_templates.tsv	TLFVALYDYEARTEDDLSFHKGEKFQILNSSEGDWWEARSLTTGETGYIPSNYVAPV/LAHVRLMVL	PRM__PRM_0266_1_b0_r9
PRM_0215	1	examples/sh3/alignments/PRM_0215_1_templates.tsv	TFVALYDYESRTETDLSFKKGERLQIVNNTEGDWWLAHSLTTGQTGYIPSNYVAPS/MTNGIKCQR	PRM__PRM_0215_1_b0_r0
PRM_0215	1	examples/sh3/alignments/PRM_0215_1_templates.tsv	TFVALYDYESRTETDLSFKKGERLQIVNNTEGDWWLAHSLTTGQTGYIPSNYVAPS/VAPRGVART	PRM__PRM_0215_1_b0_r1
PRM_0215	1	examples/sh3/alignments/PRM_0215_1_templates.tsv	TFVALYDYESRTETDLSFKKGERLQIVNNTEGDWWLAHSLTTGQTGYIPSNYVAPS/PACVRGATF	PRM__PRM_0215_1_b0_r2
PRM_0215	1	examples/sh3/alignments/PRM_0215_1_templates.tsv	TFVALYDYESRTETDLSFKKGERLQIVNNTEGDWWLAHSLTTGQTGYIPSNYVAPS/RPICPMGSM	PRM__PRM_0215_1_b0_r3
PRM_0215	1	examples/sh3/alignments/PRM_0215_1_templates.tsv	TFVALYDYESRTETDLSFKKGERLQIVNNTEGDWWLAHSLTTGQTGYIPSNYVAPS/AVDFRRAEI	PRM__PRM_0215_1_b0_r4
PRM_0215	1	examples/sh3/alignments/PRM_0215_1_templates.tsv	TFVALYDYESRTETDLSFKKGERLQIVNNTEGDWWLAHSLTTGQTGYIPSNYVAPS/PAVWVLNGH	PRM__PRM_0215_1_b0_r5
PRM_0215	1	examples/sh3/alignments/PRM_0215_1_templates.tsv	TFVALYDYESRTETDLSFKKGERLQIVNNTEGDWWLAHSLTTGQTGYIPSNYVAPS/KSAFNLCRL	PRM__PRM_0215_1_b0_r6
PRM_0215	1	examples/sh3/alignments/PRM_0215_1_templates.tsv	TFVALYDYESRTETDLSFKKGERLQIVNNTEGDWWLAHSLTTGQTGYIPSNYVAPS/PRGQSEGKN	PRM__PRM_0215_1_b0_r7
PRM_0215	1	examples/sh3/alignments/PRM_0215_1_templates.tsv	TFVALYDYESRTETDLSFKKGERLQIVNNTEGDWWLAHSLTTGQTGYIPSNYVAPS/ANVLLNSCH	PRM__PRM_0215_1_b0_r8
PRM_0215	1	examples/sh3/alignments/PRM_0215_1_templates.tsv	TFVALYDYESRTETDLSFKKGERLQIVNNTEGDWWLAHSLTTGQTGYIPSNYVAPS/AVVKMFWDQ	PRM__PRM_0215_1_b0_r9
PRM_0265	1	examples/sh3/alignments/PRM_0265_1_templates.tsv	TYVQALFDFDPQEDGELGFRRGDFIHVMDNSDPNWWKGACHGQTGMFPRNYVTPV/QESLTLGWD	PRM__PRM_0265_1_b0_r0
PRM_0265	1	examples/sh3/alignments/PRM_0265_1_templates.tsv	TYVQALFDFDPQEDGELGFRRGDFIHVMDNSDPNWWKGACHGQTGMFPRNYVTPV/VIASIRFTF	PRM__PRM_0265_1_b0_r1
PRM_0265	1	examples/sh3/alignments/PRM_0265_1_templates.tsv	TYVQALFDFDPQEDGELGFRRGDFIHVMDNSDPNWWKGACHGQTGMFPRNYVTPV/RAGGTLRAT	PRM__PRM_0265_1_b0_r2
PRM_0265	1	examples/sh3/alignments/PRM_0265_1_templates.tsv	TYVQALFDFDPQEDGELGFRRGDFIHVMDNSDPNWWKGACHGQTGMFPRNYVTPV/YTTEAATEW	PRM__PRM_0265_1_b0_r3
PRM_0265	1	examples/sh3/alignments/PRM_0265_1_templates.tsv	TYVQALFDFDPQEDGELGFRRGDFIHVMDNSDPNWWKGACHGQTGMFPRNYVTPV/KCACILTTW	PRM__PRM_0265_1_b0_r4
PRM_0265	1	examples/sh3/alignments/PRM_0265_1_templates.tsv	TYVQALFDFDPQEDGELGFRRGDFIHVMDNSDPNWWKGACHGQTGMFPRNYVTPV/CLDVSGSMI	PRM__PRM_0265_1_b0_r5
PRM_0265	1	examples/sh3/alignments/PRM_0265_1_templates.tsv	TYVQALFDFDPQEDGELGFRRGDFIHVMDNSDPNWWKGACHGQTGMFPRNYVTPV/WPVSSSRVV	PRM__PRM_0265_1_b0_r6
PRM_0265	1	examples/sh3/alignments/PRM_0265_1_templates.tsv	TYVQALFDFDPQEDGELGFRRGDFIHVMDNSDPNWWKGACHGQTGMFPRNYVTPV/LSHRCLGAA	PRM__PRM_0265_1_b0_r7
PRM_0265	1	examples/sh3/alignments/PRM_0265_1_templates.tsv	TYVQALFDFDPQEDGELGFRRGDFIHVMDNSDPNWWKGACHGQTGMFPRNYVTPV/RKLLRAPGP	PRM__PRM_0265_1_b0_r8
PRM_0265	1	examples/sh3/alignments/PRM_0265_1_templates.tsv	TYVQALFDFDPQEDGELGFRRGDFIHVMDNSDPNWWKGACHGQTGMFPRNYVTPV/MPRPSRRFL	PRM__PRM_0265_1_b0_r9
PRM_0231	1	examples/sh3/alignments/PRM_0231_1_templates.tsv	RRVKTIYDCQADNDDELTFIEGEVIIVTGEEDQEWWIGHIEGQPERKGVFPVSFVHIL/VSLLDPTNV	PRM__PRM_0231_1_b0_r0
PRM_0231	1	examples/sh3/alignments/PRM_0231_1_templates.tsv	RRVKTIYDCQADNDDELTFIEGEVIIVTGEEDQEWWIGHIEGQPERKGVFPVSFVHIL/RCRFYGCMV	PRM__PRM_0231_1_b0_r1
PRM_0231	1	examples/sh3/alignments/PRM_0231_1_templates.tsv	RRVKTIYDCQADNDDELTFIEGEVIIVTGEEDQEWWIGHIEGQPERKGVFPVSFVHIL/KSVLGLAAD	PRM__PRM_0231_1_b0_r2
PRM_0231	1	examples/sh3/alignments/PRM_0231_1_templates.tsv	RRVKTIYDCQADNDDELTFIEGEVIIVTGEEDQEWWIGHIEGQPERKGVFPVSFVHIL/HSSMERMMR	PRM__PRM_0231_1_b0_r3
PRM_0231	1	examples/sh3/alignments/PRM_0231_1_templates.tsv	RRVKTIYDCQADNDDELTFIEGEVIIVTGEEDQEWWIGHIEGQPERKGVFPVSFVHIL/KHSMSIAHV	PRM__PRM_0231_1_b0_r4
PRM_0231	1	examples/sh3/alignments/PRM_0231_1_templates.tsv	RRVKTIYDCQADNDDELTFIEGEVIIVTGEEDQEWWIGHIEGQPERKGVFPVSFVHIL/EHPRLTLLG	PRM__PRM_0231_1_b0_r5
PRM_0231	1	examples/sh3/alignments/PRM_0231_1_templates.tsv	RRVKTIYDCQADNDDELTFIEGEVIIVTGEEDQEWWIGHIEGQPERKGVFPVSFVHIL/YSMTSAIEM	PRM__PRM_0231_1_b0_r6
PRM_0231	1	examples/sh3/alignments/PRM_0231_1_templates.tsv	RRVKTIYDCQADNDDELTFIEGEVIIVTGEEDQEWWIGHIEGQPERKGVFPVSFVHIL/LPQTGPWVP	PRM__PRM_0231_1_b0_r7
PRM_0231	1	examples/sh3/alignments/PRM_0231_1_templates.tsv	RRVKTIYDCQADNDDELTFIEGEVIIVTGEEDQEWWIGHIEGQPERKGVFPVSFVHIL/GGTHGRERS	PRM__PRM_0231_1_b0_r8
PRM_0231	1	examples/sh3/alignments/PRM_0231_1_templates.tsv	RRVKTIYDCQADNDDELTFIEGEVIIVTGEEDQEWWIGHIEGQPERKGVFPVSFVHIL/KCIVLCRRP	PRM__PRM_0231_1_b0_r9
PRM_0227	1	examples/sh3/alignments/PRM_0227_1_templates.tsv	TYRAMYDYSAQDEDEVSFRDGDYIVNVQPIDDGWMYGTVQRTGRTGMLPANYIEF/EAYTATSRP	PRM__PRM_0227_1_b0_r0
PRM_0227	1	examples/sh3/alignments/PRM_0227_1_templates.tsv	TYRAMYDYSAQDEDEVSFRDGDYIVNVQPIDDGWMYGTVQRTGRTGMLPANYIEF/AHRRSRSQD	PRM__PRM_0227_1_b0_r1
PRM_0227	1	examples/sh3/alignments/PRM_0227_1_templates.tsv	TYRAMYDYSAQDEDEVSFRDGDYIVNVQPIDDGWMYGTVQRTGRTGMLPANYIEF/LARTSGRRY	PRM__PRM_0227_1_b0_r2
PRM_0227	1	examples/sh3/alignments/PRM_0227_1_templates.tsv	TYRAMYDYSAQDEDEVSFRDGDYIVNVQPIDDGWMYGTVQRTGRTGMLPANYIEF/PTLGEIQLS	PRM__PRM_0227_1_b0_r3
PRM_0227	1	examples/sh3/alignments/PRM_0227_1_templates.tsv	TYRAMYDYSAQDEDEVSFRDGDYIVNVQPIDDGWMYGTVQRTGRTGMLPANYIEF/RNGECTDMS	PRM__PRM_0227_1_b0_r4
PRM_0227	1	examples/sh3/alignments/PRM_0227_1_templates.tsv	TYRAMYDYSAQDEDEVSFRDGDYIVNVQPIDDGWMYGTVQRTGRTGMLPANYIEF/SCRCVGIYQ	PRM__PRM_0227_1_b0_r5
PRM_0227	1	examples/sh3/alignments/PRM_0227_1_templates.tsv	TYRAMYDYSAQDEDEVSFRDGDYIVNVQPIDDGWMYGTVQRTGRTGMLPANYIEF/YMVSRHKPI	PRM__PRM_0227_1_b0_r6
PRM_0227	1	examples/sh3/alignments/PRM_0227_1_templates.tsv	TYRAMYDYSAQDEDEVSFRDGDYIVNVQPIDDGWMYGTVQRTGRTGMLPANYIEF/NWRYTGMGL	PRM__PRM_0227_1_b0_r7
PRM_0227	1	examples/sh3/alignments/PRM_0227_1_templates.tsv	TYRAMYDYSAQDEDEVSFRDGDYIVNVQPIDDGWMYGTVQRTGRTGMLPANYIEF/HFFICYCQK	PRM__PRM_0227_1_b0_r8
PRM_0227	1	examples/sh3/alignments/PRM_0227_1_templates.tsv	TYRAMYDYSAQDEDEVSFRDGDYIVNVQPIDDGWMYGTVQRTGRTGMLPANYIEF/QAVGYLSHS	PRM__PRM_0227_1_b0_r9
PRM_0157	2	examples/sh3/alignments/PRM_0157_2_templates.tsv	MEAIAKYDFKATADDELSFKRGDILKVLNEECDQNWYKAELNGKDGFIPKNYIEMK/LPYVCRSE	PRM__PRM_0157_2_b0_r0
PRM_0157	2	examples/sh3/alignments/PRM_0157_2_templates.tsv	MEAIAKYDFKATADDELSFKRGDILKVLNEECDQNWYKAELNGKDGFIPKNYIEMK/LSCMLVAT	PRM__PRM_0157_2_b0_r1
PRM_0157	2	examples/sh3/alignments/PRM_0157_2_templates.tsv	MEAIAKYDFKATADDELSFKRGDILKVLNEECDQNWYKAELNGKDGFIPKNYIEMK/GWMPRFWA	PRM__PRM_0157_2_b0_r2
PRM_0157	2	examples/sh3/alignments/PRM_0157_2_templates.tsv	MEAIAKYDFKATADDELSFKRGDILKVLNEECDQNWYKAELNGKDGFIPKNYIEMK/FVMISSLL	PRM__PRM_0157_2_b0_r3
PRM_0157	2	examples/sh3/alignments/PRM_0157_2_templates.tsv	MEAIAKYDFKATADDELSFKRGDILKVLNEECDQNWYKAELNGKDGFIPKNYIEMK/ASAYGGCI	PRM__PRM_0157_2_b0_r4
PRM_0157	2	examples/sh3/alignments/PRM_0157_2_templates.tsv	MEAIAKYDFKATADDELSFKRGDILKVLNEECDQNWYKAELNGKDGFIPKNYIEMK/RDCNSVPG	PRM__PRM_0157_2_b0_r5
PRM_0157	2	examples/sh3/alignments/PRM_0157_2_templates.tsv	MEAIAKYDFKATADDELSFKRGDILKVLNEECDQNWYKAELNGKDGFIPKNYIEMK/KYGRSRAL	PRM__PRM_0157_2_b0_r6
PRM_0157	2	examples/sh3/alignments/PRM_0157_2_templates.tsv	MEAIAKYDFKATADDELSFKRGDILKVLNEECDQNWYKAELNGKDGFIPKNYIEMK/DAGSPRRD	PRM__PRM_0157_2_b0_r7
PRM_0157	2	examples/sh3/alignments/PRM_0157_2_templates.tsv	MEAIAKYDFKATADDELSFKRGDILKVLNEECDQNWYKAELNGKDGFIPKNYIEMK/ARRFAKFR	PRM__PRM_0157_2_b0_r8
PRM_0157	2	examples/sh3/alignments/PRM_0157_2_templates.tsv	MEAIAKYDFKATADDELSFKRGDILKVLNEECDQNWYKAELNGKDGFIPKNYIEMK/GHMRKSER	PRM__PRM_0157_2_b0_r9
PRM_0152	2	examples/sh3/alignments/PRM_0152_2_templates.tsv	DNFIYKAKALYPYDADDDDAYEISFEQNEILQVSDIEGRWWKARRANGETGIIPSNYVQLIDGPE/ALFRLKYA	PRM__PRM_0152_2_b0_r0
PRM_0152	2	examples/sh3/alignments/PRM_0152_2_templates.tsv	DNFIYKAKALYPYDADDDDAYEISFEQNEILQVSDIEGRWWKARRANGETGIIPSNYVQLIDGPE/PPLVREGK	PRM__PRM_0152_2_b0_r1
PRM_0152	2	examples/sh3/alignments/PRM_0152_2_templates.tsv	DNFIYKAKALYPYDADDDDAYEISFEQNEILQVSDIEGRWWKARRANGETGIIPSNYVQLIDGPE/GGRVPTHV	PRM__PRM_0152_2_b0_r2
PRM_0152	2	examples/sh3/alignments/PRM_0152_2_templates.tsv	DNFIYKAKALYPYDADDDDAYEISFEQNEILQVSDIEGRWWKARRANGETGIIPSNYVQLIDGPE/PLGLSAED	PRM__PRM_0152_2_b0_r3
PRM_0152	2	examples/sh3/alignments/PRM_0152_2_templates.tsv	DNFIYKAKALYPYDADDDDAYEISFEQNEILQVSDIEGRWWKARRANGETGIIPSNYVQLIDGPE/ANSLFYLS	PRM__PRM_0152_2_b0_r4
PRM_0152	2	examples/sh3/alignments/PRM_0152_2_templates.tsv	DNFIYKAKALYPYDADDDDAYEISFEQNEILQVSDIEGRWWKARRANGETGIIPSNYVQLIDGPE/NEFAPERT	PRM__PRM_0152_2_b0_r5
PRM_0152	2	examples/sh3/alignments/PRM_0152_2_templates.tsv	DNFIYKAKALYPYDADDDDAYEISFEQNEILQVSDIEGRWWKARRANGETGIIPSNYVQLIDGPE/RAQTIIVF	PRM__PRM_0152_2_b0_r6
PRM_0152	2	examples/sh3/alignments/PRM_0152_2_templates.tsv	DNFIYKAKALYPYDADDDDAYEISFEQNEILQVSDIEGRWWKARRANGETGIIPSNYVQLIDGPE/VYYSTRAP	PRM__PRM_0152_2_b0_r7
PRM_0152	2	examples/sh3/alignments/PRM_0152_2_templates.tsv	DNFIYKAKALYPYDADDDDAYEISFEQNEILQVSDIEGRWWKARRANGETGIIPSNYVQLIDGPE/GSTIVSNA	PRM__PRM_0152_2_b0_r8
PRM_0152	2	examples/sh3/alignments/PRM_0152_2_templates.tsv	DNFIYKAKALYPYDADDDDAYEISFEQNEILQVSDIEGRWWKARRANGETGIIPSNYVQLIDGPE/VRGQVVGN	PRM__PRM_0152_2_b0_r9
PRM_0270	1	examples/sh3/alignments/PRM_0270_1_templates.tsv	EYVRALFDFNGNDEEDLPFKKGDILRIRDKPEEQWWNAEDSEGKRGMIPVPYVEKY/SAYRGSRPF	PRM__PRM_0270_1_b0_r0
PRM_0270	1	examples/sh3/alignments/PRM_0270_1_templates.tsv	EYVRALFDFNGNDEEDLPFKKGDILRIRDKPEEQWWNAEDSEGKRGMIPVPYVEKY/FLQLRSRYV	PRM__PRM_0270_1_b0_r1
PRM_0270	1	examples/sh3/alignments/PRM_0270_1_templates.tsv	EYVRALFDFNGNDEEDLPFKKGDILRIRDKPEEQWWNAEDSEGKRGMIPVPYVEKY/PLSKQAKVT	PRM__PRM_0270_1_b0_r2
PRM_0270	1	examples/sh3/alignments/PRM_0270_1_templates.tsv	EYVRALFDFNGNDEEDLPFKKGDILRIRDKPEEQWWNAEDSEGKRGMIPVPYVEKY/FCEGPVCGW	PRM__PRM_0270_1_b0_r3
PRM_0270	1	examples/sh3/alignments/PRM_0270_1_templates.tsv	EYVRALFDFNGNDEEDLPFKKGDILRIRDKPEEQWWNAEDSEGKRGMIPVPYVEKY/PWVDIRTGM	PRM__PRM_0270_1_b0_r4
PRM_0270	1	examples/sh3/alignments/PRM_0270_1_templates.tsv	EYVRALFDFNGNDEEDLPFKKGDILRIRDKPEEQWWNAEDSEGKRGMIPVPYVEKY/GQRRNLPSL	PRM__PRM_0270_1_b0_r5
PRM_0270	1	examples/sh3/alignments/PRM_0270_1_templates.tsv	EYVRALFDFNGNDEEDLPFKKGDILRIRDKPEEQWWNAEDSEGKRGMIPVPYVEKY/HRCVNYYYS	PRM__PRM_0270_1_b0_r6
PRM_0270	1	examples/sh3/alignments/PRM_0270_1_templates.tsv	EYVRALFDFNGNDEEDLPFKKGDILRIRDKPEEQWWNAEDSEGKRGMIPVPYVEKY/RLLPGSLWP	PRM__PRM_0270_1_b0_r7
PRM_0270	1	examples/sh3/alignments/PRM_0270_1_templates.tsv	EYVRALFDFNGNDEEDLPFKKGDILRIRDKPEEQWWNAEDSEGKRGMIPVPYVEKY/MHARILGAL	PRM__PRM_0270_1_b0_r8
PRM_0270	1	examples/sh3/alignments/PRM_0270_1_templates.tsv	EYVRALFDFNGNDEEDLPFKKGDILRIRDKPEEQWWNAEDSEGKRGMIPVPYVEKY/VFSHLLFNV	PRM__PRM_0270_1_b0_r9
PRM_0274	1	examples/sh3/alignments/PRM_0274_1_templates.tsv	RRCQVAFSYLPQNDDELELKVGDIIEVVGEVEEGWWEGVLNGKTGMFPSNFIKEL/TLPVTRSTP	PRM__PRM_0274_1_b0_r0
PRM_0274	1	examples/sh3/alignments/PRM_0274_1_templates.tsv	RRCQVAFSYLPQNDDELELKVGDIIEVVGEVEEGWWEGVLNGKTGMFPSNFIKEL/GFLEPGTNA	PRM__PRM_0274_1_b0_r1
PRM_0274	1	examples/sh3/alignments/PRM_0274_1_templates.tsv	RRCQVAFSYLPQNDDELELKVGDIIEVVGEVEEGWWEGVLNGKTGMFPSNFIKEL/SRVRFRMFM	PRM__PRM_0274_1_b0_r2
PRM_0274	1	examples/sh3/alignments/PRM_0274_1_templates.tsv	RRCQVAFSYLPQNDDELELKVGDIIEVVGEVEEGWWEGVLNGKTGMFPSNFIKEL/ALGLYRDSG	PRM__PRM_0274_1_b0_r3
PRM_0274	1	examples/sh3/alignments/PRM_0274_1_templates.tsv	RRCQVAFSYLPQNDDELELKVGDIIEVVGEVEEGWWEGVLNGKTGMFPSNFIKEL/QAVAGRYTE	PRM__PRM_0274_1_b0_r4
PRM_0274	1	examples/sh3/alignments/PRM_0274_1_templates.tsv	RRCQVAFSYLPQNDDELELKVGDIIEVVGEVEEGWWEGVLNGKTGMFPSNFIKEL/SYCNRDPPR	PRM__PRM_0274_1_b0_r5
PRM_0274	1	examples/sh3/alignments/PRM_0274_1_templates.tsv	RRCQVAFSYLPQNDDELELKVGDIIEVVGEVEEGWWEGVLNGKTGMFPSNFIKEL/LGGASQKEW	PRM__PRM_0274_1_b0_r6
PRM_0274	1	examples/sh3/alignments/PRM_0274_1_templates.tsv	RRCQVAFSYLPQNDDELELKVGDIIEVVGEVEEGWWEGVLNGKTGMFPSNFIKEL/ILNKRHGTT	PRM__PRM_0274_1_b0_r7
PRM_0274	1	examples/sh3/alignments/PRM_0274_1_templates.tsv	RRCQVAFSYLPQNDDELELKVGDIIEVVGEVEEGWWEGVLNGKTGMFPSNFIKEL/AFIVIGPLT	PRM__PRM_0274_1_b0_r8
PRM_0274	1	examples/sh3/alignments/PRM_0274_1_templates.tsv	RRCQVAFSYLPQNDDELELKVGDIIEVVGEVEEGWWEGVLNGKTGMFPSNFIKEL/NKMEYSWVT	PRM__PRM_0274_1_b0_r9
PRM_0157	1	examples/sh3/alignments/PRM_0157_1_templates.tsv	MEAIAKYDFKATADDELSFKRGDILKVLNEECDQNWYKAELNGKDGFIPKNYIEMK/TYIVVRHVL	PRM__PRM_0157_1_b0_r0
PRM_0157	1	examples/sh3/alignments/PRM_0157_1_templates.tsv	MEAIAKYDFKATADDELSFKRGDILKVLNEECDQNWYKAELNGKDGFIPKNYIEMK/VVAGLQEVR	PRM__PRM_0157_1_b0_r1
PRM_0157	1	examples/sh3/alignments/PRM_0157_1_templates.tsv	MEAIAKYDFKATADDELSFKRGDILKVLNEECDQNWYKAELNGKDGFIPKNYIEMK/WAHLGVRGR	PRM__PRM_0157_1_b0_r2
PRM_0157	1	examples/sh3/alignments/PRM_0157_1_templates.tsv	MEAIAKYDFKATADDELSFKRGDILKVLNEECDQNWYKAELNGKDGFIPKNYIEMK/LVVAAVDRV	PRM__PRM_0157_1_b0_r3
PRM_0157	1	examples/sh3/alignments/PRM_0157_1_templates.tsv	MEAIAKYDFKATADDELSFKRGDILKVLNEECDQNWYKAELNGKDGFIPKNYIEMK/TAQNRMIVR	PRM__PRM_0157_1_b0_r4
PRM_0157	1	examples/sh3/alignments/PRM_0157_1_templates.tsv	MEAIAKYDFKATADDELSFKRGDILKVLNEECDQNWYKAELNGKDGFIPKNYIEMK/RWLFRTADF	PRM__PRM_0157_1_b0_r5
PRM_0157	1	examples/sh3/alignments/PRM_0157_1_templates.tsv	MEAIAKYDFKATADDELSFKRGDILKVLNEECDQNWYKAELNGKDGFIPKNYIEMK/SHCREQMFS	PRM__PRM_0157_1_b0_r6
PRM_0157	1	examples/sh3/alignments/PRM_0157_1_templates.tsv	MEAIAKYDFKATADDELSFKRGDILKVLNEECDQNWYKAELNGKDGFIPKNYIEMK/RNTAPNFDR	PRM__PRM_0157_1_b0_r7
PRM_0157	1	examples/sh3/alignments/PRM_0157_1_templates.tsv	MEAIAKYDFKATADDELSFKRGDILKVLNEECDQNWYKAELNGKDGFIPKNYIEMK/NRLPSYDAP	PRM__PRM_0157_1_b0_r8
PRM_0157	1	examples/sh3/alignments/PRM_0157_1_templates.tsv	MEAIAKYDFKATADDELSFKRGDILKVLNEECDQNWYKAELNGKDGFIPKNYIEMK/DLRKHPLTF	PRM__PRM_0157_1_b0_r9
PRM_0239	1	examples/sh3/alignments/PRM_0239_1_templates.tsv	QVYFAVYTFKARNPNELSVSANQKLKILEFKDVTGNTEWWLAEVNGKKGYVPSNYIRKT/RKGHLLFNA	PRM__PRM_0239_1_b0_r0
PRM_0239	1	examples/sh3/alignments/PRM_0239_1_templates.tsv	QVYFAVYTFKARNPNELSVSANQKLKILEFKDVTGNTEWWLAEVNGKKGYVPSNYIRKT/YGREGRGTS	PRM__PRM_0239_1_b0_r1
PRM_0239	1	examples/sh3/alignments/PRM_0239_1_templates.tsv	QVYFAVYTFKARNPNELSVSANQKLKILEFKDVTGNTEWWLAEVNGKKGYVPSNYIRKT/AHDPGALMT	PRM__PRM_0239_1_b0_r2
PRM_0239	1	examples/sh3/alignments/PRM_0239_1_templates.tsv	QVYFAVYTFKARNPNELSVSANQKLKILEFKDVTGNTEWWLAEVNGKKGYVPSNYIRKT/IPTMTRGLN	PRM__PRM_0239_1_b0_r3
PRM_0239	1	examples/sh3/alignments/PRM_0239_1_templates.tsv	QVYFAVYTFKARNPNELSVSANQKLKILEFKDVTGNTEWWLAEVNGKKGYVPSNYIRKT/LSNQSPPAL	PRM__PRM_0239_1_b0_r4
PRM_0239	1	examples/sh3/alignments/PRM_0239_1_templates.tsv	QVYFAVYTFKARNPNELSVSANQKLKILEFKDVTGNTEWWLAEVNGKKGYVPSNYIRKT/PPRMFSTTP	PRM__PRM_0239_1_b0_r5
PRM_0239	1	examples/sh3/alignments/PRM_0239_1_templates.tsv	QVYFAVYTFKARNPNELSVSANQKLKILEFKDVTGNTEWWLAEVNGKKGYVPSNYIRKT/TSGPQNCTV	PRM__PRM_0239_1_b0_r6
PRM_0239	1	examples/sh3/alignments/PRM_0239_1_templates.tsv	QVYFAVYTFKARNPNELSVSANQKLKILEFKDVTGNTEWWLAEVNGKKGYVPSNYIRKT/WTSSVGARS	PRM__PRM_0239_1_b0_r7
PRM_0239	1	examples/sh3/alignments/PRM_0239_1_templates.tsv	QVYFAVYTFKARNPNELSVSANQKLKILEFKDVTGNTEWWLAEVNGKKGYVPSNYIRKT/GSRWRRNLF	PRM__PRM_0239_1_b0_r8
PRM_0239	1	examples/sh3/alignments/PRM_0239_1_templates.tsv	QVYFAVYTFKARNPNELSVSANQKLKILEFKDVTGNTEWWLAEVNGKKGYVPSNYIRKT/TRLLNRGSA	PRM__PRM_0239_1_b0_r9
PRM_0210	2	examples/sh3/alignments/PRM_0210_2_templates.tsv	MEAIAKYDFKATADDELSFKRGDILKVLNEECDQNWYKAELNGKDGFIPKNYIEMK/VSHIWLQL	PRM__PRM_0210_2_b0_r0
PRM_0210	2	examples/sh3/alignments/PRM_0210_2_templates.tsv	MEAIAKYDFKATADDELSFKRGDILKVLNEECDQNWYKAELNGKDGFIPKNYIEMK/FKIGVISS	PRM__PRM_0210_2_b0_r1
PRM_0210	2	examples/sh3/alignments/PRM_0210_2_templates.tsv	MEAIAKYDFKATADDELSFKRGDILKVLNEECDQNWYKAELNGKDGFIPKNYIEMK/PWHTTLGG	PRM__PRM_0210_2_b0_r2
PRM_0210	2	examples/sh3/alignments/PRM_0210_2_templates.tsv	MEAIAKYDFKATADDELSFKRGDILKVLNEECDQNWYKAELNGKDGFIPKNYIEMK/HSVTREPS	PRM__PRM_0210_2_b0_r3
PRM_0210	2	examples/sh3/alignments/PRM_0210_2_templates.tsv	MEAIAKYDFKATADDELSFKRGDILKVLNEECDQNWYKAELNGKDGFIPKNYIEMK/PGRMSGNV	PRM__PRM_0210_2_b0_r4
PRM_0210	2	examples/sh3/alignments/PRM_0210_2_templates.tsv	MEAIAKYDFKATADDELSFKRGDILKVLNEECDQNWYKAELNGKDGFIPKNYIEMK/CESGKDHG	PRM__PRM_0210_2_b0_r5
PRM_0210	2	examples/sh3/alignments/PRM_0210_2_templates.tsv	MEAIAKYDFKATADDELSFKRGDILKVLNEECDQNWYKAELNGKDGFIPKNYIEMK/NPFFLERL	PRM__PRM_0210_2_b0_r6
PRM_0210	2	examples/sh3/alignments/PRM_0210_2_templates.tsv	MEAIAKYDFKATADDELSFKRGDILKVLNEECDQNWYKAELNGKDGFIPKNYIEMK/IALVHSSL	PRM__PRM_0210_2_b0_r7
PRM_0210	2	examples/sh3/alignments/PRM_0210_2_templates.tsv	MEAIAKYDFKATADDELSFKRGDILKVLNEECDQNWYKAELNGKDGFIPKNYIEMK/GGYSSCLT	PRM__PRM_0210_2_b0_r8
PRM_0210	2	examples/sh3/alignments/PRM_0210_2_templates.tsv	MEAIAKYDFKATADDELSFKRGDILKVLNEECDQNWYKAELNGKDGFIPKNYIEMK/VHRCNEIF	PRM__PRM_0210_2_b0_r9
PRM_0273	1	examples/sh3/alignments/PRM_0273_1_templates.tsv	VDYIVEYDYDAVHDDELTIRVGEIIRNVKKLQEEGWLEGELNGRRGMFPDNFVKEI/PTWAALWTN	PRM__PRM_0273_1_b0_r0
PRM_0273	1	examples/sh3/alignments/PRM_0273_1_templates.tsv	VDYIVEYDYDAVHDDELTIRVGEIIRNVKKLQEEGWLEGELNGRRGMFPDNFVKEI/TFFKLATCI	PRM__PRM_0273_1_b0_r1
PRM_0273	1	examples/sh3/alignments/PRM_0273_1_templates.tsv	VDYIVEYDYDAVHDDELTIRVGEIIRNVKKLQEEGWLEGELNGRRGMFPDNFVKEI/QPLRPPELG	PRM__PRM_0273_1_b0_r2
PRM_0273	1	examples/sh3/alignments/PRM_0273_1_templates.tsv	VDYIVEYDYDAVHDDELTIRVGEIIRNVKKLQEEGWLEGELNGRRGMFPDNFVKEI/ENSEAGHVN	PRM__PRM_0273_1_b0_r3
PRM_0273	1	examples/sh3/alignments/PRM_0273_1_templates.tsv	VDYIVEYDYDAVHDDELTIRVGEIIRNVKKLQEEGWLEGELNGRRGMFPDNFVKEI/VKFWMANPF	PRM__PRM_0273_1_b0_r4
PRM_0273	1	examples/sh3/alignments/PRM_0273_1_templates.tsv	VDYIVEYDYDAVHDDELTIRVGEIIRNVKKLQEEGWLEGELNGRRGMFPDNFVKEI/RTRGWACPP	PRM__PRM_0273_1_b0_r5
PRM_0273	1	examples/sh3/alignments/PRM_0273_1_templates.tsv	VDYIVEYDYDAVHDDELTIRVGEIIRNVKKLQEEGWLEGELNGRRGMFPDNFVKEI/VLSPTSRVQ	PRM__PRM_0273_1_b0_r6
PRM_0273	1	examples/sh3/alignments/PRM_0273_1_templates.tsv	VDYIVEYDYDAVHDDELTIRVGEIIRNVKKLQEEGWLEGELNGRRGMFPDNFVKEI/VEIALNSAT	PRM__PRM_0273_1_b0_r7
PRM_0273	1	examples/sh3/alignments/PRM_0273_1_templates.tsv	VDYIVEYDYDAVHDDELTIRVGEIIRNVKKLQEEGWLEGELNGRRGMFPDNFVKEI/SVHCATSMC	PRM__PRM_0273_1_b0_r8
PRM_0273	1	examples/sh3/alignments/PRM_0273_1_templates.tsv	VDYIVEYDYDAVHDDELTIRVGEIIRNVKKLQEEGWLEGELNGRRGMFPDNFVKEI/LRTGNQNSY	PRM__PRM_0273_1_b0_r9
PRM_0291	2	examples/sh3/alignments/PRM_0291_2_templates.tsv	FKVQAQHDYTATDTDELQLKAGDVVLVIPFQNPEEQDEGWLMGVKESDWNQHKELEKCRGVFPENFTERV/AAMHANWW	PRM__PRM_0291_2_b0_r0
PRM_0291	2	examples/sh3/alignments/PRM_0291_2_templates.tsv	FKVQAQHDYTATDTDELQLKAGDVVLVIPFQNPEEQDEGWLMGVKESDWNQHKELEKCRGVFPENFTERV/STTGAILR	PRM__PRM_0291_2_b0_r1
PRM_0291	2	examples/sh3/alignments/PRM_0291_2_templates.tsv	FKVQAQHDYTATDTDELQLKAGDVVLVIPFQNPEEQDEGWLMGVKESDWNQHKELEKCRGVFPENFTERV/SSLLPPEP	PRM__PRM_0291_2_b0_r2
PRM_0291	2	examples/sh3/alignments/PRM_0291_2_templates.tsv	FKVQAQHDYTATDTDELQLKAGDVVLVIPFQNPEEQDEGWLMGVKESDWNQHKELEKCRGVFPENFTERV/LNSAHLGG	PRM__PRM_0291_2_b0_r3
PRM_0291	2	examples/sh3/alignments/PRM_0291_2_templates.tsv	FKVQAQHDYTATDTDELQLKAGDVVLVIPFQNPEEQDEGWLMGVKESDWNQHKELEKCRGVFPENFTERV/CIPYPWCS	PRM__PRM_0291_2_b0_r4
PRM_0291	2	examples/sh3/alignments/PRM_0291_2_templates.tsv	FKVQAQHDYTATDTDELQLKAGDVVLVIPFQNPEEQDEGWLMGVKESDWNQHKELEKCRGVFPENFTERV/GSGLDALP	PRM__PRM_0291_2_b0_r5
PRM_0291	2	examples/sh3/alignments/PRM_0291_2_templates.tsv	FKVQAQHDYTATDTDELQLKAGDVVLVIPFQNPEEQDEGWLMGVKESDWNQHKELEKCRGVFPENFTERV/RVTPRGPQ	PRM__PRM_0291_2_b0_r6
PRM_0291	2	examples/sh3/alignments/PRM_0291_2_templates.tsv	FKVQAQHDYTATDTDELQLKAGDVVLVIPFQNPEEQDEGWLMGVKESDWNQHKELEKCRGVFPENFTERV/KSVIGVVM	PRM__PRM_0291_2_b0_r7
PRM_0291	2	examples/sh3/alignments/PRM_0291_2_templates.tsv	FKVQAQHDYTATDTDELQLKAGDVVLVIPFQNPEEQDEGWLMGVKESDWNQHKELEKCRGVFPENFTERV/RLSISCVT	PRM__PRM_0291_2_b0_r8
PRM_0291	2	examples/sh3/alignments/PRM_0291_2_templates.tsv	FKVQAQHDYTATDTDELQLKAGDVVLVIPFQNPEEQDEGWLMGVKESDWNQHKELEKCRGVFPENFTERV/NKPIILQI	PRM__PRM_0291_2_b0_r9
PRM_0282	1	examples/sh3/alignments/PRM_0282_1_templates.tsv	TAVALYDYQAAGDDEISFDPDDIITNIEMIDDGWWRGVCKGRYGLFPANYVELR/EMMTQENRP	PRM__PRM_0282_1_b0_r0
PRM_0282	1	examples/sh3/alignments/PRM_0282_1_templates.tsv	TAVALYDYQAAGDDEISFDPDDIITNIEMIDDGWWRGVCKGRYGLFPANYVELR/RTPSATLVK	PRM__PRM_0282_1_b0_r1
PRM_0282	1	examples/sh3/alignments/PRM_0282_1_templates.tsv	TAVALYDYQAAGDDEISFDPDDIITNIEMIDDGWWRGVCKGRYGLFPANYVELR/VRGIRPRGR	PRM__PRM_0282_1_b0_r2
PRM_0282	1	examples/sh3/alignments/PRM_0282_1_templates.tsv	TAVALYDYQAAGDDEISFDPDDIITNIEMIDDGWWRGVCKGRYGLFPANYVELR/RAESRQTMV	PRM__PRM_0282_1_b0_r3
PRM_0282	1	examples/sh3/alignments/PRM_0282_1_templates.tsv	TAVALYDYQAAGDDEISFDPDDIITNIEMIDDGWWRGVCKGRYGLFPANYVELR/HDHGRPSLF	PRM__PRM_0282_1_b0_r4
PRM_0282	1	examples/sh3/alignments/PRM_0282_1_templates.tsv	TAVALYDYQAAGDDEISFDPDDIITNIEMIDDGWWRGVCKGRYGLFPANYVELR/WMAQKLTKR	PRM__PRM_0282_1_b0_r5
PRM_0282	1	examples/sh3/alignments/PRM_0282_1_templates.tsv	TAVALYDYQAAGDDEISFDPDDIITNIEMIDDGWWRGVCKGRYGLFPANYVELR/LGLYARIGH	PRM__PRM_0282_1_b0_r6
PRM_0282	1	examples/sh3/alignments/PRM_0282_1_templates.tsv	TAVALYDYQAAGDDEISFDPDDIITNIEMIDDGWWRGVCKGRYGLFPANYVELR/SERWRDTLD	PRM__PRM_0282_1_b0_r7
PRM_0282	1	examples/sh3/alignments/PRM_0282_1_templates.tsv	TAVALYDYQAAGDDEISFDPDDIITNIEMIDDGWWRGVCKGRYGLFPANYVELR/ADVGTLKHK	PRM__PRM_0282_1_b0_r8
PRM_0282	1	examples/sh3/alignments/PRM_0282_1_templates.tsv	TAVALYDYQAAGDDEISFDPDDIITNIEMIDDGWWRGVCKGRYGLFPANYVELR/LCTPSDKIL	PRM__PRM_0282_1_b0_r9
PRM_0239	2	examples/sh3/alignments/PRM_0239_2_templates.tsv	QVYFAVYTFKARNPNELSVSANQKLKILEFKDVTGNTEWWLAEVNGKKGYVPSNYIRKT/YCRIRRGW	PRM__PRM_0239_2_b0_r0
PRM_0239	2	examples/sh3/alignments/PRM_0239_2_templates.tsv	QVYFAVYTFKARNPNELSVSANQKLKILEFKDVTGNTEWWLAEVNGKKGYVPSNYIRKT/WPLYLVAQ	PRM__PRM_0239_2_b0_r1
PRM_0239	2	examples/sh3/alignments/PRM_0239_2_templates.tsv	QVYFAVYTFKARNPNELSVSANQKLKILEFKDVTGNTEWWLAEVNGKKGYVPSNYIRKT/KKRDTSRG	PRM__PRM_0239_2_b0_r2
PRM_0239	2	examples/sh3/alignments/PRM_0239_2_templates.tsv	QVYFAVYTFKARNPNELSVSANQKLKILEFKDVTGNTEWWLAEVNGKKGYVPSNYIRKT/PMDAYLSV	PRM__PRM_0239_2_b0_r3
PRM_0239	2	examples/sh3/alignments/PRM_0239_2_templates.tsv	QVYFAVYTFKARNPNELSVSANQKLKILEFKDVTGNTEWWLAEVNGKKGYVPSNYIRKT/HGYRATEC	PRM__PRM_0239_2_b0_r4
PRM_0239	2	examples/sh3/alignments/PRM_0239_2_templates.tsv	QVYFAVYTFKARNPNELSVSANQKLKILEFKDVTGNTEWWLAEVNGKKGYVPSNYIRKT/ESRLGSHY	PRM__PRM_0239_2_b0_r5
PRM_0239	2	examples/sh3/alignments/PRM_0239_2_templates.tsv	QVYFAVYTFKARNPNELSVSANQKLKILEFKDVTGNTEWWLAEVNGKKGYVPSNYIRKT/AFEDHAVN	PRM__PRM_0239_2_b0_r6
PRM_0239	2	examples/sh3/alignments/PRM_0239_2_templates.tsv	QVYFAVYTFKARNPNELSVSANQKLKILEFKDVTGNTEWWLAEVNGKKGYVPSNYIRKT/HLLMMSWN	PRM__PRM_0239_2_b0_r7
PRM_0239	2	examples/sh3/alignments/PRM_0239_2_templates.tsv	QVYFAVYTFKARNPNELSVSANQKLKILEFKDVTGNTEWWLAEVNGKKGYVPSNYIRKT/IPWHFYMR	PRM__PRM_0239_2_b0_r8
PRM_0239	2	examples/sh3/alignments/PRM_0239_2_templates.tsv	QVYFAVYTFKARNPNELSVSANQKLKILEFKDVTGNTEWWLAEVNGKKGYVPSNYIRKT/EKGLLENV	PRM__PRM_0239_2_b0_r9
PRM_0265	2	examples/sh3/alignments/PRM_0265_2_templates.tsv	TYVQALFDFDPQEDGELGFRRGDFIHVMDNSDPNWWKGACHGQTGMFPRNYVTPV/TTYMEAND	PRM__PRM_0265_2_b0_r0
PRM_0265	2	examples/sh3/alignments/PRM_0265_2_templates.tsv	TYVQALFDFDPQEDGELGFRRGDFIHVMDNSDPNWWKGACHGQTGMFPRNYVTPV/SSLSKSAC	PRM__PRM_0265_2_b0_r1
PRM_0265	2	examples/sh3/alignments/PRM_0265_2_templates.tsv	TYVQALFDFDPQEDGELGFRRGDFIHVMDNSDPNWWKGACHGQTGMFPRNYVTPV/FLARASDN	PRM__PRM_0265_2_b0_r2
PRM_0265	2	examples/sh3/alignments/PRM_0265_2_templates.tsv	TYVQALFDFDPQEDGELGFRRGDFIHVMDNSDPNWWKGACHGQTGMFPRNYVTPV/RMTNLDEI	PRM__PRM_0265_2_b0_r3
PRM_0265	2	examples/sh3/alignments/PRM_0265_2_templates.tsv	TYVQALFDFDPQEDGELGFRRGDFIHVMDNSDPNWWKGACHGQTGMFPRNYVTPV/STTVWPAW	PRM__PRM_0265_2_b0_r4
PRM_0265	2	examples/sh3/alignments/PRM_0265_2_templates.tsv	TYVQALFDFDPQEDGELGFRRGDFIHVMDNSDPNWWKGACHGQTGMFPRNYVTPV/YVATGDVY	PRM__PRM_0265_2_b0_r5
PRM_0265	2	examples/sh3/alignments/PRM_0265_2_templates.tsv	TYVQALFDFDPQEDGELGFRRGDFIHVMDNSDPNWWKGACHGQTGMFPRNYVTPV/SEASHRPR	PRM__PRM_0265_2_b0_r6
PRM_0265	2	examples/sh3/alignments/PRM_0265_2_templates.tsv	TYVQALFDFDPQEDGELGFRRGDFIHVMDNSDPNWWKGACHGQTGMFPRNYVTPV/LRSRALAY	PRM__PRM_0265_2_b0_r7
PRM_0265	2	examples/sh3/alignments/PRM_0265_2_templates.tsv	TYVQALFDFDPQEDGELGFRRGDFIHVMDNSDPNWWKGACHGQTGMFPRNYVTPV/TVERRSLV	PRM__PRM_0265_2_b0_r8
PRM_0265	2	examples/sh3/alignments/PRM_0265_2_templates.tsv	TYVQALFDFDPQEDGELGFRRGDFIHVMDNSDPNWWKGACHGQTGMFPRNYVTPV/TYCVSDKR	PRM__PRM_0265_2_b0_r9
PRM_0285	1	examples/sh3/alignments/PRM_0285_1_templates.tsv	VEAIVEFDYQAQHDDELTISVGEIITNIRKEDGGWWEGQINGRRGLFPDNFVREI/DPTSKSSIP	PRM__PRM_0285_1_b0_r0
PRM_0285	1	examples/sh3/alignments/PRM_0285_1_templates.tsv	VEAIVEFDYQAQHDDELTISVGEIITNIRKEDGGWWEGQINGRRGLFPDNFVREI/KEVGWRSSL	PRM__PRM_0285_1_b0_r1
PRM_0285	1	examples/sh3/alignments/PRM_0285_1_templates.tsv	VEAIVEFDYQAQHDDELTISVGEIITNIRKEDGGWWEGQINGRRGLFPDNFVREI/ACSHRSTVI	PRM__PRM_0285_1_b0_r2
PRM_0285	1	examples/sh3/alignments/PRM_0285_1_templates.tsv	VEAIVEFDYQAQHDDELTISVGEIITNIRKEDGGWWEGQINGRRGLFPDNFVREI/TRPKFRRFI	PRM__PRM_0285_1_b0_r3
PRM_0285	1	examples/sh3/alignments/PRM_0285_1_templates.tsv	VEAIVEFDYQAQHDDELTISVGEIITNIRKEDGGWWEGQINGRRGLFPDNFVREI/RPWCQDMSA	PRM__PRM_0285_1_b0_r4
PRM_0285	1	examples/sh3/alignments/PRM_0285_1_templates.tsv	VEAIVEFDYQAQHDDELTISVGEIITNIRKEDGGWWEGQINGRRGLFPDNFVREI/HSTGAHFEL	PRM__PRM_0285_1_b0_r5
PRM_0285	1	examples/sh3/alignments/PRM_0285_1_templates.tsv	VEAIVEFDYQAQHDDELTISVGEIITNIRKEDGGWWEGQINGRRGLFPDNFVREI/ITTSKASHF	PRM__PRM_0285_1_b0_r6
PRM_0285	1	examples/sh3/alignments/PRM_0285_1_templates.tsv	VEAIVEFDYQAQHDDELTISVGEIITNIRKEDGGWWEGQINGRRGLFPDNFVREI/SLTINLRTN	PRM__PRM_0285_1_b0_r7
PRM_0285	1	examples/sh3/alignments/PRM_0285_1_templates.tsv	VEAIVEFDYQAQHDDELTISVGEIITNIRKEDGGWWEGQINGRRGLFPDNFVREI/SFRVVERIM	PRM__PRM_0285_1_b0_r8
PRM_0285	1	examples/sh3/alignments/PRM_0285_1_templates.tsv	VEAIVEFDYQAQHDDELTISVGEIITNIRKEDGGWWEGQINGRRGLFPDNFVREI/PLQGSPSTG	PRM__PRM_0285_1_b0_r9
PRM_0282	2	examples/sh3/alignments/PRM_0282_2_templates.tsv	TAVALYDYQAAGDDEISFDPDDIITNIEMIDDGWWRGVCKGRYGLFPANYVELR/LNTTLHYH	PRM__PRM_0282_2_b0_r0
PRM_0282	2	examples/sh3/alignments/PRM_0282_2_templates.tsv	TAVALYDYQAAGDDEISFDPDDIITNIEMIDDGWWRGVCKGRYGLFPANYVELR/PLSSRTSC	PRM__PRM_0282_2_b0_r1
PRM_0282	2	examples/sh3/alignments/PRM_0282_2_templates.tsv	TAVALYDYQAAGDDEISFDPDDIITNIEMIDDGWWRGVCKGRYGLFPANYVELR/QFKHSKNR	PRM__PRM_0282_2_b0_r2
PRM_0282	2	examples/sh3/alignments/PRM_0282_2_templates.tsv	TAVALYDYQAAGDDEISFDPDDIITNIEMIDDGWWRGVCKGRYGLFPANYVELR/SSYPCPVE	PRM__PRM_0282_2_b0_r3
PRM_0282	2	examples/sh3/alignments/PRM_0282_2_templates.tsv	TAVALYDYQAAGDDEISFDPDDIITNIEMIDDGWWRGVCKGRYGLFPANYVELR/LTTRIDLE	PRM__PRM_0282_2_b0_r4
PRM_0282	2	examples/sh3/alignments/PRM_0282_2_templates.tsv	TAVALYDYQAAGDDEISFDPDDIITNIEMIDDGWWRGVCKGRYGLFPANYVELR/ETDMGPLN	PRM__PRM_0282_2_b0_r5
PRM_0282	2	examples/sh3/alignments/PRM_0282_2_templates.tsv	TAVALYDYQAAGDDEISFDPDDIITNIEMIDDGWWRGVCKGRYGLFPANYVELR/PKCSGNLR	PRM__PRM_0282_2_b0_r6
PRM_0282	2	examples/sh3/alignments/PRM_0282_2_templates.tsv	TAVALYDYQAAGDDEISFDPDDIITNIEMIDDGWWRGVCKGRYGLFPANYVELR/VSMLHVVV	PRM__PRM_0282_2_b0_r7
PRM_0282	2	examples/sh3/alignments/PRM_0282_2_templates.tsv	TAVALYDYQAAGDDEISFDPDDIITNIEMIDDGWWRGVCKGRYGLFPANYVELR/SLGPGGTF	PRM__PRM_0282_2_b0_r8
PRM_0282	2	examples/sh3/alignments/PRM_0282_2_templates.tsv	TAVALYDYQAAGDDEISFDPDDIITNIEMIDDGWWRGVCKGRYGLFPANYVELR/YSNLSRPT	PRM__PRM_0282_2_b0_r9
PRM_0193	1	examples/sh3/alignments/PRM_0193_1_templates.tsv	PWATAEYDYDAAEDNELTFVENDKIINIEFVDDDWWLGELEKDGSKGLFPSNYVSLG/CRSEFVLGG	PRM__PRM_0193_1_b0_r0
PRM_0193	1	examples/sh3/alignments/PRM_0193_1_templates.tsv	PWATAEYDYDAAEDNELTFVENDKIINIEFVDDDWWLGELEKDGSKGLFPSNYVSLG/LSAQLPLLM	PRM__PRM_0193_1_b0_r1
PRM_0193	1	examples/sh3/alignments/PRM_0193_1_templates.tsv	PWATAEYDYDAAEDNELTFVENDKIINIEFVDDDWWLGELEKDGSKGLFPSNYVSLG/SMVRPTDAI	PRM__PRM_0193_1_b0_r2
PRM_0193	1	examples/sh3/alignments/PRM_0193_1_templates.tsv	PWATAEYDYDAAEDNELTFVENDKIINIEFVDDDWWLGELEKDGSKGLFPSNYVSLG/PLFLQFTKD	PRM__PRM_0193_1_b0_r3
PRM_0193	1	examples/sh3/alignments/PRM_0193_1_templates.tsv	PWATAEYDYDAAEDNELTFVENDKIINIEFVDDDWWLGELEKDGSKGLFPSNYVSLG/IRMSHRHQT	PRM__PRM_0193_1_b0_r4
PRM_0193	1	examples/sh3/alignments/PRM_0193_1_templates.tsv	PWATAEYDYDAAEDNELTFVENDKIINIEFVDDDWWLGELEKDGSKGLFPSNYVSLG/SHSLMLLMT	PRM__PRM_0193_1_b0_r5
PRM_0193	1	examples/sh3/alignments/PRM_0193_1_templates.tsv	PWATAEYDYDAAEDNELTFVENDKIINIEFVDDDWWLGELEKDGSKGLFPSNYVSLG/VSSWGAYTS	PRM__PRM_0193_1_b0_r6
PRM_0193	1	examples/sh3/alignments/PRM_0193_1_templates.tsv	PWATAEYDYDAAEDNELTFVENDKIINIEFVDDDWWLGELEKDGSKGLFPSNYVSLG/MNYKPWHRP	PRM__PRM_0193_1_b0_r7
PRM_0193	1	examples/sh3/alignments/PRM_0193_1_templates.tsv	PWATAEYDYDAAEDNELTFVENDKIINIEFVDDDWWLGELEKDGSKGLFPSNYVSLG/ASSRPYVST	PRM__PRM_0193_1_b0_r8
PRM_0193	1	examples/sh3/alignments/PRM_0193_1_templates.tsv	PWATAEYDYDAAEDNELTFVENDKIINIEFVDDDWWLGELEKDGSKGLFPSNYVSLG/PGRSLATYY	PRM__PRM_0193_1_b0_r9
PRM_0298	2	examples/sh3/alignments/PRM_0298_2_templates.tsv	GEAIAKFNFNGDTQVEMSFRKGERITLLRQVDENWYEGRIPGTSRQGIFPITYVDVI/KQRIRDLF	PRM__PRM_0298_2_b0_r0
PRM_0298	2	examples/sh3/alignments/PRM_0298_2_templates.tsv	GEAIAKFNFNGDTQVEMSFRKGERITLLRQVDENWYEGRIPGTSRQGIFPITYVDVI/RCKSLGCA	PRM__PRM_0298_2_b0_r1
PRM_0298	2	examples/sh3/alignments/PRM_0298_2_templates.tsv	GEAIAKFNFNGDTQVEMSFRKGERITLLRQVDENWYEGRIPGTSRQGIFPITYVDVI/NNITPHPS	PRM__PRM_0298_2_b0_r2
PRM_0298	2	examples/sh3/alignments/PRM_0298_2_templates.tsv	GEAIAKFNFNGDTQVEMSFRKGERITLLRQVDENWYEGRIPGTSRQGIFPITYVDVI/ELVSSNTE	PRM__PRM_0298_2_b0_r3
PRM_0298	2	examples/sh3/alignments/PRM_0298_2_templates.tsv	GEAIAKFNFNGDTQVEMSFRKGERITLLRQVDENWYEGRIPGTSRQGIFPITYVDVI/FYLDVDLS	PRM__PRM_0298_2_b0_r4
PRM_0298	2	examples/sh3/alignments/PRM_0298_2_templates.tsv	GEAIAKFNFNGDTQVEMSFRKGERITLLRQVDENWYEGRIPGTSRQGIFPITYVDVI/WKEVMWKV	PRM__PRM_0298_2_b0_r5
PRM_0298	2	examples/sh3/alignments/PRM_0298_2_templates.tsv	GEAIAKFNFNGDTQVEMSFRKGERITLLRQVDENWYEGRIPGTSRQGIFPITYVDVI/RMEVPFNN	PRM__PRM_0298_2_b0_r6
PRM_0298	2	examples/sh3/alignments/PRM_0298_2_templates.tsv	GEAIAKFNFNGDTQVEMSFRKGERITLLRQVDENWYEGRIPGTSRQGIFPITYVDVI/TRMWPRDM	PRM__PRM_0298_2_b0_r7
PRM_0298	2	examples/sh3/alignments/PRM_0298_2_templates.tsv	GEAIAKFNFNGDTQVEMSFRKGERITLLRQVDENWYEGRIPGTSRQGIFPITYVDVI/PRTSLEGH	PRM__PRM_0298_2_b0_r8
PRM_0298	2	examples/sh3/alignments/PRM_0298_2_templates.tsv	GEAIAKFNFNGDTQVEMSFRKGERITLLRQVDENWYEGRIPGTSRQGIFPITYVDVI/GRWAMMKL	PRM__PRM_0298_2_b0_r9
PRM_0274	2	examples/sh3/alignments/PRM_0274_2_templates.tsv	RRCQVAFSYLPQNDDELELKVGDIIEVVGEVEEGWWEGVLNGKTGMFPSNFIKEL/QDNTGGLC	PRM__PRM_0274_2_b0_r0
PRM_0274	2	examples/sh3/alignments/PRM_0274_2_templates.tsv	RRCQVAFSYLPQNDDELELKVGDIIEVVGEVEEGWWEGVLNGKTGMFPSNFIKEL/IWSRGMYP	PRM__PRM_0274_2_b0_r1
PRM_0274	2	examples/sh3/alignments/PRM_0274_2_templates.tsv	RRCQVAFSYLPQNDDELELKVGDIIEVVGEVEEGWWEGVLNGKTGMFPSNFIKEL/KMEQAEVV	PRM__PRM_0274_2_b0_r2
PRM_0274	2	examples/sh3/alignments/PRM_0274_2_templates.tsv	RRCQVAFSYLPQNDDELELKVGDIIEVVGEVEEGWWEGVLNGKTGMFPSNFIKEL/EMYLHSSK	PRM__PRM_0274_2_b0_r3
PRM_0274	2	examples/sh3/alignments/PRM_0274_2_templates.tsv	RRCQVAFSYLPQNDDELELKVGDIIEVVGEVEEGWWEGVLNGKTGMFPSNFIKEL/SCHYRTMG	PRM__PRM_0274_2_b0_r4
PRM_0274	2	examples/sh3/alignments/PRM_0274_2_templates.tsv	RRCQVAFSYLPQNDDELELKVGDIIEVVGEVEEGWWEGVLNGKTGMFPSNFIKEL/YSSSGSPG	PRM__PRM_0274_2_b0_r5
PRM_0274	2	examples/sh3/alignments/PRM_0274_2_templates.tsv	RRCQVAFSYLPQNDDELELKVGDIIEVVGEVEEGWWEGVLNGKTGMFPSNFIKEL/VVQVRSAW	PRM__PRM_0274_2_b0_r6
PRM_0274	2	examples/sh3/alignments/PRM_0274_2_templates.tsv	RRCQVAFSYLPQNDDELELKVGDIIEVVGEVEEGWWEGVLNGKTGMFPSNFIKEL/RTWMGCFR	PRM__PRM_0274_2_b0_r7
PRM_0274	2	examples/sh3/alignments/PRM_0274_2_templates.tsv	RRCQVAFSYLPQNDDELELKVGDIIEVVGEVEEGWWEGVLNGKTGMFPSNFIKEL/VTAESDRR	PRM__PRM_0274_2_b0_r8
PRM_0274	2	examples/sh3/alignments/PRM_0274_2_templates.tsv	RRCQVAFSYLPQNDDELELKVGDIIEVVGEVEEGWWEGVLNGKTGMFPSNFIKEL/PDQATMVP	PRM__PRM_0274_2_b0_r9
PRM_0162	2	examples/sh3/alignments/PRM_0162_2_templates.tsv	IVNQRAVALYDFEPENDNELRLAEGDIVFISYKHGQGWLVAENESGSKTGLVPEEFVSYIQP/LLATHSTY	PRM__PRM_0162_2_b0_r0
PRM_0162	2	examples/sh3/alignments/PRM_0162_2_templates.tsv	IVNQRAVALYDFEPENDNELRLAEGDIVFISYKHGQGWLVAENESGSKTGLVPEEFVSYIQP/SERGRPVR	PRM__PRM_0162_2_b0_r1
PRM_0162	2	examples/sh3/alignments/PRM_0162_2_templates.tsv	IVNQRAVALYDFEPENDNELRLAEGDIVFISYKHGQGWLVAENESGSKTGLVPEEFVSYIQP/QSYADFLN	PRM__PRM_0162_2_b0_r2
PRM_0162	2	examples/sh3/alignments/PRM_0162_2_templates.tsv	IVNQRAVALYDFEPENDNELRLAEGDIVFISYKHGQGWLVAENESGSKTGLVPEEFVSYIQP/KSTALVAH	PRM__PRM_0162_2_b0_r3
PRM_0162	2	examples/sh3/alignments/PRM_0162_2_templates.tsv	IVNQRAVALYDFEPENDNELRLAEGDIVFISYKHGQGWLVAENESGSKTGLVPEEFVSYIQP/RLRDSRQD	PRM__PRM_0162_2_b0_r4
PRM_0162	2	examples/sh3/alignments/PRM_0162_2_templates.tsv	IVNQRAVALYDFEPENDNELRLAEGDIVFISYKHGQGWLVAENESGSKTGLVPEEFVSYIQP/YHLLPYTN	PRM__PRM_0162_2_b0_r5
PRM_0162	2	examples/sh3/alignments/PRM_0162_2_templates.tsv	IVNQRAVALYDFEPENDNELRLAEGDIVFISYKHGQGWLVAENESGSKTGLVPEEFVSYIQP/STRLDNRS	PRM__PRM_0162_2_b0_r6
PRM_0162	2	examples/sh3/alignments/PRM_0162_2_templates.tsv	IVNQRAVALYDFEPENDNELRLAEGDIVFISYKHGQGWLVAENESGSKTGLVPEEFVSYIQP/LSWRNARV	PRM__PRM_0162_2_b0_r7
PRM_0162	2	examples/sh3/alignments/PRM_0162_2_templates.tsv	IVNQRAVALYDFEPENDNELRLAEGDIVFISYKHGQGWLVAENESGSKTGLVPEEFVSYIQP/MCFAALPN	PRM__PRM_0162_2_b0_r8
PRM_0162	2	examples/sh3/alignments/PRM_0162_2_templates.tsv	IVNQRAVALYDFEPENDNELRLAEGDIVFISYKHGQGWLVAENESGSKTGLVPEEFVSYIQP/HPRLPFIC	PRM__PRM_0162_2_b0_r9
PRM_0162	1	examples/sh3/alignments/PRM_0162_1_templates.tsv	IVNQRAVALYDFEPENDNELRLAEGDIVFISYKHGQGWLVAENESGSKTGLVPEEFVSYIQP/LYQCRKFSA	PRM__PRM_0162_1_b0_r0
PRM_0162	1	examples/sh3/alignments/PRM_0162_1_templates.tsv	IVNQRAVALYDFEPENDNELRLAEGDIVFISYKHGQGWLVAENESGSKTGLVPEEFVSYIQP/PLRGMITWR	PRM__PRM_0162_1_b0_r1
PRM_0162	1	examples/sh3/alignments/PRM_0162_1_templates.tsv	IVNQRAVALYDFEPENDNELRLAEGDIVFISYKHGQGWLVAENESGSKTGLVPEEFVSYIQP/KWRRVHYSG	PRM__PRM_0162_1_b0_r2
PRM_0162	1	examples/sh3/alignments/PRM_0162_1_templates.tsv	IVNQRAVALYDFEPENDNELRLAEGDIVFISYKHGQGWLVAENESGSKTGLVPEEFVSYIQP/SNSPPAGHA	PRM__PRM_0162_1_b0_r3
PRM_0162	1	examples/sh3/alignments/PRM_0162_1_templates.tsv	IVNQRAVALYDFEPENDNELRLAEGDIVFISYKHGQGWLVAENESGSKTGLVPEEFVSYIQP/VRALKFTQE	PRM__PRM_0162_1_b0_r4
PRM_0162	1	examples/sh3/alignments/PRM_0162_1_templates.tsv	IVNQRAVALYDFEPENDNELRLAEGDIVFISYKHGQGWLVAENESGSKTGLVPEEFVSYIQP/LLGHSHDYS	PRM__PRM_0162_1_b0_r5
PRM_0162	1	examples/sh3/alignments/PRM_0162_1_templates.tsv	IVNQRAVALYDFEPENDNELRLAEGDIVFISYKHGQGWLVAENESGSKTGLVPEEFVSYIQP/RYAVQRGEV	PRM__PRM_0162_1_b0_r6
PRM_0162	1	examples/sh3/alignments/PRM_0162_1_templates.tsv	IVNQRAVALYDFEPENDNELRLAEGDIVFISYKHGQGWLVAENESGSKTGLVPEEFVSYIQP/LPRIMRLNT	PRM__PRM_0162_1_b0_r7
PRM_0162	1	examples/sh3/alignments/PRM_0162_1_templates.tsv	IVNQRAVALYDFEPENDNELRLAEGDIVFISYKHGQGWLVAENESGSKTGLVPEEFVSYIQP/HTDLRILND	PRM__PRM_0162_1_b0_r8
PRM_0162	1	examples/sh3/alignments/PRM_0162_1_templates.tsv	IVNQRAVALYDFEPENDNELRLAEGDIVFISYKHGQGWLVAENESGSKTGLVPEEFVSYIQP/LSRYGAYST	PRM__PRM_0162_1_b0_r9
PRM_0238	1	examples/sh3/alignments/PRM_0238_1_templates.tsv	LVVRAKFNFQQTNEDELSFSKGDVIHVTRVEEGGWWEGTLNGRTGWFPSNYVREV/YLFEYGSLP	PRM__PRM_0238_1_b0_r0
PRM_0238	1	examples/sh3/alignments/PRM_0238_1_templates.tsv	LVVRAKFNFQQTNEDELSFSKGDVIHVTRVEEGGWWEGTLNGRTGWFPSNYVREV/CPPMLRRSG	PRM__PRM_0238_1_b0_r1
PRM_0238	1	examples/sh3/alignments/PRM_0238_1_templates.tsv	LVVRAKFNFQQTNEDELSFSKGDVIHVTRVEEGGWWEGTLNGRTGWFPSNYVREV/LEQSRRSVR	PRM__PRM_0238_1_b0_r2
PRM_0238	1	examples/sh3/alignments/PRM_0238_1_templates.tsv	LVVRAKFNFQQTNEDELSFSKGDVIHVTRVEEGGWWEGTLNGRTGWFPSNYVREV/IQAYKMLSV	PRM__PRM_0238_1_b0_r3
PRM_0238	1	examples/sh3/alignments/PRM_0238_1_templates.tsv	LVVRAKFNFQQTNEDELSFSKGDVIHVTRVEEGGWWEGTLNGRTGWFPSNYVREV/ANPARAQVH	PRM__PRM_0238_1_b0_r4
PRM_0238	1	examples/sh3/alignments/PRM_0238_1_templates.tsv	LVVRAKFNFQQTNEDELSFSKGDVIHVTRVEEGGWWEGTLNGRTGWFPSNYVREV/YKKVVYTMA	PRM__PRM_0238_1_b0_r5
PRM_0238	1	examples/sh3/alignments/PRM_0238_1_templates.tsv	LVVRAKFNFQQTNEDELSFSKGDVIHVTRVEEGGWWEGTLNGRTGWFPSNYVREV/LSWLLTSVS	PRM__PRM_0238_1_b0_r6
PRM_0238	1	examples/sh3/alignments/PRM_0238_1_templates.tsv	LVVRAKFNFQQTNEDELSFSKGDVIHVTRVEEGGWWEGTLNGRTGWFPSNYVREV/LCSLSLRFL	PRM__PRM_0238_1_b0_r7
PRM_0238	1	examples/sh3/alignments/PRM_0238_1_templates.tsv	LVVRAKFNFQQTNEDELSFSKGDVIHVTRVEEGGWWEGTLNGRTGWFPSNYVREV/WRTEVTNVT	PRM__PRM_0238_1_b0_r8
PRM_0238	1	examples/sh3/alignments/PRM_0238_1_templates.tsv	LVVRAKFNFQQTNEDELSFSKGDVIHVTRVEEGGWWEGTLNGRTGWFPSNYVREV/FHQPPVVAW	PRM__PRM_0238_1_b0_r9
PRM_0161	2	examples/sh3/alignments/PRM_0161_2_templates.tsv	EPIDPSKLEFARALYDFVPENPEMEVALKKGDLMAILSKKDPLGRDSDWWKVRTKNGNIGYIPYNYIEII/QIWDRLGT	PRM__PRM_0161_2_b0_r0
PRM_0161	2	examples/sh3/alignments/PRM_0161_2_templates.tsv	EPIDPSKLEFARALYDFVPENPEMEVALKKGDLMAILSKKDPLGRDSDWWKVRTKNGNIGYIPYNYIEII/HITPRTLA	PRM__PRM_0161_2_b0_r1
PRM_0161	2	examples/sh3/alignments/PRM_0161_2_templates.tsv	EPIDPSKLEFARALYDFVPENPEMEVALKKGDLMAILSKKDPLGRDSDWWKVRTKNGNIGYIPYNYIEII/LNGRKACA	PRM__PRM_0161_2_b0_r2
PRM_0161	2	examples/sh3/alignments/PRM_0161_2_templates.tsv	EPIDPSKLEFARALYDFVPENPEMEVALKKGDLMAILSKKDPLGRDSDWWKVRTKNGNIGYIPYNYIEII/PDSRRPNN	PRM__PRM_0161_2_b0_r3
PRM_0161	2	examples/sh3/alignments/PRM_0161_2_templates.tsv	EPIDPSKLEFARALYDFVPENPEMEVALKKGDLMAILSKKDPLGRDSDWWKVRTKNGNIGYIPYNYIEII/SYAGHNYE	PRM__PRM_0161_2_b0_r4
PRM_0161	2	examples/sh3/alignments/PRM_0161_2_templates.tsv	EPIDPSKLEFARALYDFVPENPEMEVALKKGDLMAILSKKDPLGRDSDWWKVRTKNGNIGYIPYNYIEII/RPRKFLTK	PRM__PRM_0161_2_b0_r5
PRM_0161	2	examples/sh3/alignments/PRM_0161_2_templates.tsv	EPIDPSKLEFARALYDFVPENPEMEVALKKGDLMAILSKKDPLGRDSDWWKVRTKNGNIGYIPYNYIEII/SSLRIDTI	PRM__PRM_0161_2_b0_r6
PRM_0161	2	examples/sh3/alignments/PRM_0161_2_templates.tsv	EPIDPSKLEFARALYDFVPENPEMEVALKKGDLMAILSKKDPLGRDSDWWKVRTKNGNIGYIPYNYIEII/SHGVKVTH	PRM__PRM_0161_2_b0_r7
PRM_0161	2	examples/sh3/alignments/PRM_0161_2_templates.tsv	EPIDPSKLEFARALYDFVPENPEMEVALKKGDLMAILSKKDPLGRDSDWWKVRTKNGNIGYIPYNYIEII/CLTRAKRK	PRM__PRM_0161_2_b0_r8
PRM_0161	2	examples/sh3/alignments/PRM_0161_2_templates.tsv	EPIDPSKLEFARALYDFVPENPEMEVALKKGDLMAILSKKDPLGRDSDWWKVRTKNGNIGYIPYNYIEII/CSRGVAGN	PRM__PRM_0161_2_b0_r9
PRM_0270	2	examples/sh3/alignments/PRM_0270_2_templates.tsv	EYVRALFDFNGNDEEDLPFKKGDILRIRDKPEEQWWNAEDSEGKRGMIPVPYVEKY/CARPRLVR	PRM__PRM_0270_2_b0_r0
PRM_0270	2	examples/sh3/alignments/PRM_0270_2_templates.tsv	EYVRALFDFNGNDEEDLPFKKGDILRIRDKPEEQWWNAEDSEGKRGMIPVPYVEKY/GFTQNLFM	PRM__PRM_0270_2_b0_r1
PRM_0270	2	examples/sh3/alignments/PRM_0270_2_templates.tsv	EYVRALFDFNGNDEEDLPFKKGDILRIRDKPEEQWWNAEDSEGKRGMIPVPYVEKY/MRPIGRAC	PRM__PRM_0270_2_b0_r2
PRM_0270	2	examples/sh3/alignments/PRM_0270_2_templates.tsv	EYVRALFDFNGNDEEDLPFKKGDILRIRDKPEEQWWNAEDSEGKRGMIPVPYVEKY/SSFALLRL	PRM__PRM_0270_2_b0_r3
PRM_0270	2	examples/sh3/alignments/PRM_0270_2_templates.tsv	EYVRALFDFNGNDEEDLPFKKGDILRIRDKPEEQWWNAEDSEGKRGMIPVPYVEKY/SCARLSVL	PRM__PRM_0270_2_b0_r4
PRM_0270	2	examples/sh3/alignments/PRM_0270_2_templates.tsv	EYVRALFDFNGNDEEDLPFKKGDILRIRDKPEEQWWNAEDSEGKRGMIPVPYVEKY/YWIGQLWA	PRM__PRM_0270_2_b0_r5
PRM_0270	2	examples/sh3/alignments/PRM_0270_2_templates.tsv	EYVRALFDFNGNDEEDLPFKKGDILRIRDKPEEQWWNAEDSEGKRGMIPVPYVEKY/WSLSLANA	PRM__PRM_0270_2_b0_r6
PRM_0270	2	examples/sh3/alignments/PRM_0270_2_templates.tsv	EYVRALFDFNGNDEEDLPFKKGDILRIRDKPEEQWWNAEDSEGKRGMIPVPYVEKY/RTTSSKWW	PRM__PRM_0270_2_b0_r7
PRM_0270	2	examples/sh3/alignments/PRM_0270_2_templates.tsv	EYVRALFDFNGNDEEDLPFKKGDILRIRDKPEEQWWNAEDSEGKRGMIPVPYVEKY/YCGLRWTS	PRM__PRM_0270_2_b0_r8
PRM_0270	2	examples/sh3/alignments/PRM_0270_2_templates.tsv	EYVRALFDFNGNDEEDLPFKKGDILRIRDKPEEQWWNAEDSEGKRGMIPVPYVEKY/KSPMPRRG	PRM__PRM_0270_2_b0_r9
PRM_0238	2	examples/sh3/alignments/PRM_0238_2_templates.tsv	LVVRAKFNFQQTNEDELSFSKGDVIHVTRVEEGGWWEGTLNGRTGWFPSNYVREV/SYRCDRTR	PRM__PRM_0238_2_b0_r0
PRM_0238	2	examples/sh3/alignments/PRM_0238_2_templates.tsv	LVVRAKFNFQQTNEDELSFSKGDVIHVTRVEEGGWWEGTLNGRTGWFPSNYVREV/PELPLRRI	PRM__PRM_0238_2_b0_r1
PRM_0238	2	examples/sh3/alignments/PRM_0238_2_templates.tsv	LVVRAKFNFQQTNEDELSFSKGDVIHVTRVEEGGWWEGTLNGRTGWFPSNYVREV/LLSKRGRR	PRM__PRM_0238_2_b0_r2
PRM_0238	2	examples/sh3/alignments/PRM_0238_2_templates.tsv	LVVRAKFNFQQTNEDELSFSKGDVIHVTRVEEGGWWEGTLNGRTGWFPSNYVREV/SSLQLTCT	PRM__PRM_0238_2_b0_r3
PRM_0238	2	examples/sh3/alignments/PRM_0238_2_templates.tsv	LVVRAKFNFQQTNEDELSFSKGDVIHVTRVEEGGWWEGTLNGRTGWFPSNYVREV/LWERYGSI	PRM__PRM_0238_2_b0_r4
PRM_0238	2	examples/sh3/alignments/PRM_0238_2_templates.tsv	LVVRAKFNFQQTNEDELSFSKGDVIHVTRVEEGGWWEGTLNGRTGWFPSNYVREV/TRPECFSP	PRM__PRM_0238_2_b0_r5
PRM_0238	2	examples/sh3/alignments/PRM_0238_2_templates.tsv	LVVRAKFNFQQTNEDELSFSKGDVIHVTRVEEGGWWEGTLNGRTGWFPSNYVREV/WWYHRRVA	PRM__PRM_0238_2_b0_r6
PRM_0238	2	examples/sh3/alignments/PRM_0238_2_templates.tsv	LVVRAKFNFQQTNEDELSFSKGDVIHVTRVEEGGWWEGTLNGRTGWFPSNYVREV/HEVQTFQA	PRM__PRM_0238_2_b0_r7
PRM_0238	2	examples/sh3/alignments/PRM_0238_2_templates.tsv	LVVRAKFNFQQTNEDELSFSKGDVIHVTRVEEGGWWEGTLNGRTGWFPSNYVREV/RYGLSEKQ	PRM__PRM_0238_2_b0_r8
PRM_0238	2	examples/sh3/alignments/PRM_0238_2_templates.tsv	LVVRAKFNFQQTNEDELSFSKGDVIHVTRVEEGGWWEGTLNGRTGWFPSNYVREV/GDLAYGLD	PRM__PRM_0238_2_b0_r9
PRM_0193	2	examples/sh3/alignments/PRM_0193_2_templates.tsv	PWATAEYDYDAAEDNELTFVENDKIINIEFVDDDWWLGELEKDGSKGLFPSNYVSLG/SPVTRKGD	PRM__PRM_0193_2_b0_r0
PRM_0193	2	examples/sh3/alignments/PRM_0193_2_templates.tsv	PWATAEYDYDAAEDNELTFVENDKIINIEFVDDDWWLGELEKDGSKGLFPSNYVSLG/PKPLSWLR	PRM__PRM_0193_2_b0_r1
PRM_0193	2	examples/sh3/alignments/PRM_0193_2_templates.tsv	PWATAEYDYDAAEDNELTFVENDKIINIEFVDDDWWLGELEKDGSKGLFPSNYVSLG/AHRRTNTS	PRM__PRM_0193_2_b0_r2
PRM_0193	2	examples/sh3/alignments/PRM_0193_2_templates.tsv	PWATAEYDYDAAEDNELTFVENDKIINIEFVDDDWWLGELEKDGSKGLFPSNYVSLG/VWRYCPTG	PRM__PRM_0193_2_b0_r3
PRM_0193	2	examples/sh3/alignments/PRM_0193_2_templates.tsv	PWATAEYDYDAAEDNELTFVENDKIINIEFVDDDWWLGELEKDGSKGLFPSNYVSLG/RLYFCSFS	PRM__PRM_0193_2_b0_r4
PRM_0193	2	examples/sh3/alignments/PRM_0193_2_templates.tsv	PWATAEYDYDAAEDNELTFVENDKIINIEFVDDDWWLGELEKDGSKGLFPSNYVSLG/KALSAFKY	PRM__PRM_0193_2_b0_r5
PRM_0193	2	examples/sh3/alignments/PRM_0193_2_templates.tsv	PWATAEYDYDAAEDNELTFVENDKIINIEFVDDDWWLGELEKDGSKGLFPSNYVSLG/ANITYLMR	PRM__PRM_0193_2_b0_r6
PRM_0193	2	examples/sh3/alignments/PRM_0193_2_templates.tsv	PWATAEYDYDAAEDNELTFVENDKIINIEFVDDDWWLGELEKDGSKGLFPSNYVSLG/DGSLIRAV	PRM__PRM_0193_2_b0_r7
PRM_0193	2	examples/sh3/alignments/PRM_0193_2_templates.tsv	PWATAEYDYDAAEDNELTFVENDKIINIEFVDDDWWLGELEKDGSKGLFPSNYVSLG/PARSRRGV	PRM__PRM_0193_2_b0_r8
PRM_0193	2	examples/sh3/alignments/PRM_0193_2_templates.tsv	PWATAEYDYDAAEDNELTFVENDKIINIEFVDDDWWLGELEKDGSKGLFPSNYVSLG/SWREAFIR	PRM__PRM_0193_2_b0_r9
PRM_0227	2	examples/sh3/alignments/PRM_0227_2_templates.tsv	TYRAMYDYSAQDEDEVSFRDGDYIVNVQPIDDGWMYGTVQRTGRTGMLPANYIEF/SESRSGLE	PRM__PRM_0227_2_b0_r0
PRM_0227	2	examples/sh3/alignments/PRM_0227_2_templates.tsv	TYRAMYDYSAQDEDEVSFRDGDYIVNVQPIDDGWMYGTVQRTGRTGMLPANYIEF/PELRSLVG	PRM__PRM_0227_2_b0_r1
PRM_0227	2	examples/sh3/alignments/PRM_0227_2_templates.tsv	TYRAMYDYSAQDEDEVSFRDGDYIVNVQPIDDGWMYGTVQRTGRTGMLPANYIEF/PIPPELMS	PRM__PRM_0227_2_b0_r2
PRM_0227	2	examples/sh3/alignments/PRM_0227_2_templates.tsv	TYRAMYDYSAQDEDEVSFRDGDYIVNVQPIDDGWMYGTVQRTGRTGMLPANYIEF/NWYWELSE	PRM__PRM_0227_2_b0_r3
PRM_0227	2	examples/sh3/alignments/PRM_0227_2_templates.tsv	TYRAMYDYSAQDEDEVSFRDGDYIVNVQPIDDGWMYGTVQRTGRTGMLPANYIEF/VDPMSEIN	PRM__PRM_0227_2_b0_r4
PRM_0227	2	examples/sh3/alignments/PRM_0227_2_templates.tsv	TYRAMYDYSAQDEDEVSFRDGDYIVNVQPIDDGWMYGTVQRTGRTGMLPANYIEF/GFDKIRPR	PRM__PRM_0227_2_b0_r5
PRM_0227	2	examples/sh3/alignments/PRM_0227_2_templates.tsv	TYRAMYDYSAQDEDEVSFRDGDYIVNVQPIDDGWMYGTVQRTGRTGMLPANYIEF/DIIDVTRI	PRM__PRM_0227_2_b0_r6
PRM_0227	2	examples/sh3/alignments/PRM_0227_2_templates.tsv	TYRAMYDYSAQDEDEVSFRDGDYIVNVQPIDDGWMYGTVQRTGRTGMLPANYIEF/TCELHSLS	PRM__PRM_0227_2_b0_r7
PRM_0227	2	examples/sh3/alignments/PRM_0227_2_templates.tsv	TYRAMYDYSAQDEDEVSFRDGDYIVNVQPIDDGWMYGTVQRTGRTGMLPANYIEF/MNEMRAII	PRM__PRM_0227_2_b0_r8
PRM_0227	2	examples/sh3/alignments/PRM_0227_2_templates.tsv	TYRAMYDYSAQDEDEVSFRDGDYIVNVQPIDDGWMYGTVQRTGRTGMLPANYIEF/VNCSFTHS	PRM__PRM_0227_2_b0_r9
